4;19;21;22;31;57
4;19;21;31;45;57
4;19;21;31;51;57
4;19;20;21;31;57
4;19;21;31;56;57
4;11;19;21;31;57
4;15;19;21;31;57
4;19;21;31;44;57
4;19;21;31;57;58
4;19;21;31;39;57
19;21;22;31;45;57
19;21;22;31;51;57
19;20;21;22;31;57
19;21;22;31;56;57
11;19;21;22;31;57
15;19;21;22;31;57
19;21;22;31;44;57
19;21;22;31;57;58
19;21;22;31;39;57
19;21;31;45;51;57
19;20;21;31;45;57
19;21;31;45;56;57
11;19;21;31;45;57
15;19;21;31;45;57
19;21;31;44;45;57
19;21;31;45;57;58
19;21;31;39;45;57
19;20;21;31;51;57
19;21;31;51;56;57
11;19;21;31;51;57
15;19;21;31;51;57
19;21;31;44;51;57
19;21;31;51;57;58
19;21;31;39;51;57
19;20;21;31;56;57
11;19;20;21;31;57
15;19;20;21;31;57
19;20;21;31;44;57
19;20;21;31;57;58
19;20;21;31;39;57
11;19;21;31;56;57
15;19;21;31;56;57
19;21;31;44;56;57
19;21;31;56;57;58
19;21;31;39;56;57
11;15;19;21;31;57
11;19;21;31;44;57
11;19;21;31;57;58
11;19;21;31;39;57
15;19;21;31;44;57
15;19;21;31;57;58
15;19;21;31;39;57
19;21;31;44;57;58
19;21;31;39;44;57
19;21;31;39;57;58
4;21;22;31;45;57
4;21;22;31;51;57
4;20;21;22;31;57
4;21;22;31;56;57
4;11;21;22;31;57
4;15;21;22;31;57
4;21;22;31;44;57
4;21;22;31;57;58
4;21;22;31;39;57
4;21;31;45;51;57
4;20;21;31;45;57
4;21;31;45;56;57
4;11;21;31;45;57
4;15;21;31;45;57
4;21;31;44;45;57
4;21;31;45;57;58
4;21;31;39;45;57
4;20;21;31;51;57
4;21;31;51;56;57
4;11;21;31;51;57
4;15;21;31;51;57
4;21;31;44;51;57
4;21;31;51;57;58
4;21;31;39;51;57
4;20;21;31;56;57
4;11;20;21;31;57
4;15;20;21;31;57
4;20;21;31;44;57
4;20;21;31;57;58
4;20;21;31;39;57
4;11;21;31;56;57
4;15;21;31;56;57
4;21;31;44;56;57
4;21;31;56;57;58
4;21;31;39;56;57
4;11;15;21;31;57
4;11;21;31;44;57
4;11;21;31;57;58
4;11;21;31;39;57
4;15;21;31;44;57
4;15;21;31;57;58
4;15;21;31;39;57
4;21;31;44;57;58
4;21;31;39;44;57
4;21;31;39;57;58
21;22;31;45;51;57
20;21;22;31;45;57
21;22;31;45;56;57
11;21;22;31;45;57
15;21;22;31;45;57
21;22;31;44;45;57
21;22;31;45;57;58
21;22;31;39;45;57
20;21;22;31;51;57
21;22;31;51;56;57
11;21;22;31;51;57
15;21;22;31;51;57
21;22;31;44;51;57
21;22;31;51;57;58
21;22;31;39;51;57
20;21;22;31;56;57
11;20;21;22;31;57
15;20;21;22;31;57
20;21;22;31;44;57
20;21;22;31;57;58
20;21;22;31;39;57
11;21;22;31;56;57
15;21;22;31;56;57
21;22;31;44;56;57
21;22;31;56;57;58
21;22;31;39;56;57
11;15;21;22;31;57
11;21;22;31;44;57
11;21;22;31;57;58
11;21;22;31;39;57
15;21;22;31;44;57
15;21;22;31;57;58
15;21;22;31;39;57
21;22;31;44;57;58
21;22;31;39;44;57
21;22;31;39;57;58
20;21;31;45;51;57
21;31;45;51;56;57
11;21;31;45;51;57
15;21;31;45;51;57
21;31;44;45;51;57
21;31;45;51;57;58
21;31;39;45;51;57
20;21;31;45;56;57
11;20;21;31;45;57
15;20;21;31;45;57
20;21;31;44;45;57
20;21;31;45;57;58
20;21;31;39;45;57
11;21;31;45;56;57
15;21;31;45;56;57
21;31;44;45;56;57
21;31;45;56;57;58
21;31;39;45;56;57
11;15;21;31;45;57
11;21;31;44;45;57
11;21;31;45;57;58
11;21;31;39;45;57
15;21;31;44;45;57
15;21;31;45;57;58
15;21;31;39;45;57
21;31;44;45;57;58
21;31;39;44;45;57
21;31;39;45;57;58
20;21;31;51;56;57
11;20;21;31;51;57
15;20;21;31;51;57
20;21;31;44;51;57
20;21;31;51;57;58
20;21;31;39;51;57
11;21;31;51;56;57
15;21;31;51;56;57
21;31;44;51;56;57
21;31;51;56;57;58
21;31;39;51;56;57
11;15;21;31;51;57
11;21;31;44;51;57
11;21;31;51;57;58
11;21;31;39;51;57
15;21;31;44;51;57
15;21;31;51;57;58
15;21;31;39;51;57
21;31;44;51;57;58
21;31;39;44;51;57
21;31;39;51;57;58
11;20;21;31;56;57
15;20;21;31;56;57
20;21;31;44;56;57
20;21;31;56;57;58
20;21;31;39;56;57
11;15;20;21;31;57
11;20;21;31;44;57
11;20;21;31;57;58
11;20;21;31;39;57
15;20;21;31;44;57
15;20;21;31;57;58
15;20;21;31;39;57
20;21;31;44;57;58
20;21;31;39;44;57
20;21;31;39;57;58
11;15;21;31;56;57
11;21;31;44;56;57
11;21;31;56;57;58
11;21;31;39;56;57
15;21;31;44;56;57
15;21;31;56;57;58
15;21;31;39;56;57
21;31;44;56;57;58
21;31;39;44;56;57
21;31;39;56;57;58
11;15;21;31;44;57
11;15;21;31;57;58
11;15;21;31;39;57
11;21;31;44;57;58
11;21;31;39;44;57
11;21;31;39;57;58
15;21;31;44;57;58
15;21;31;39;44;57
15;21;31;39;57;58
21;31;39;44;57;58
4;19;21;22;31;45
4;19;21;22;31;51
4;19;20;21;22;31
4;19;21;22;31;56
4;11;19;21;22;31
4;15;19;21;22;31
4;19;21;22;31;44
4;19;21;22;31;58
4;19;21;22;31;39
4;19;21;31;45;51
4;19;20;21;31;45
4;19;21;31;45;56
4;11;19;21;31;45
4;15;19;21;31;45
4;19;21;31;44;45
4;19;21;31;45;58
4;19;21;31;39;45
4;19;20;21;31;51
4;19;21;31;51;56
4;11;19;21;31;51
4;15;19;21;31;51
4;19;21;31;44;51
4;19;21;31;51;58
4;19;21;31;39;51
4;19;20;21;31;56
4;11;19;20;21;31
4;15;19;20;21;31
4;19;20;21;31;44
4;19;20;21;31;58
4;19;20;21;31;39
4;11;19;21;31;56
4;15;19;21;31;56
4;19;21;31;44;56
4;19;21;31;56;58
4;19;21;31;39;56
4;11;15;19;21;31
4;11;19;21;31;44
4;11;19;21;31;58
4;11;19;21;31;39
4;15;19;21;31;44
4;15;19;21;31;58
4;15;19;21;31;39
4;19;21;31;44;58
4;19;21;31;39;44
4;19;21;31;39;58
19;21;22;31;45;51
19;20;21;22;31;45
19;21;22;31;45;56
11;19;21;22;31;45
15;19;21;22;31;45
19;21;22;31;44;45
19;21;22;31;45;58
19;21;22;31;39;45
19;20;21;22;31;51
19;21;22;31;51;56
11;19;21;22;31;51
15;19;21;22;31;51
19;21;22;31;44;51
19;21;22;31;51;58
19;21;22;31;39;51
19;20;21;22;31;56
11;19;20;21;22;31
15;19;20;21;22;31
19;20;21;22;31;44
19;20;21;22;31;58
19;20;21;22;31;39
11;19;21;22;31;56
15;19;21;22;31;56
19;21;22;31;44;56
19;21;22;31;56;58
19;21;22;31;39;56
11;15;19;21;22;31
11;19;21;22;31;44
11;19;21;22;31;58
11;19;21;22;31;39
15;19;21;22;31;44
15;19;21;22;31;58
15;19;21;22;31;39
19;21;22;31;44;58
19;21;22;31;39;44
19;21;22;31;39;58
19;20;21;31;45;51
19;21;31;45;51;56
11;19;21;31;45;51
15;19;21;31;45;51
19;21;31;44;45;51
19;21;31;45;51;58
19;21;31;39;45;51
19;20;21;31;45;56
11;19;20;21;31;45
15;19;20;21;31;45
19;20;21;31;44;45
19;20;21;31;45;58
19;20;21;31;39;45
11;19;21;31;45;56
15;19;21;31;45;56
19;21;31;44;45;56
19;21;31;45;56;58
19;21;31;39;45;56
11;15;19;21;31;45
11;19;21;31;44;45
11;19;21;31;45;58
11;19;21;31;39;45
15;19;21;31;44;45
15;19;21;31;45;58
15;19;21;31;39;45
19;21;31;44;45;58
19;21;31;39;44;45
19;21;31;39;45;58
19;20;21;31;51;56
11;19;20;21;31;51
15;19;20;21;31;51
19;20;21;31;44;51
19;20;21;31;51;58
19;20;21;31;39;51
11;19;21;31;51;56
15;19;21;31;51;56
19;21;31;44;51;56
19;21;31;51;56;58
19;21;31;39;51;56
11;15;19;21;31;51
11;19;21;31;44;51
11;19;21;31;51;58
11;19;21;31;39;51
15;19;21;31;44;51
15;19;21;31;51;58
15;19;21;31;39;51
19;21;31;44;51;58
19;21;31;39;44;51
19;21;31;39;51;58
11;19;20;21;31;56
15;19;20;21;31;56
19;20;21;31;44;56
19;20;21;31;56;58
19;20;21;31;39;56
11;15;19;20;21;31
11;19;20;21;31;44
11;19;20;21;31;58
11;19;20;21;31;39
15;19;20;21;31;44
15;19;20;21;31;58
15;19;20;21;31;39
19;20;21;31;44;58
19;20;21;31;39;44
19;20;21;31;39;58
11;15;19;21;31;56
11;19;21;31;44;56
11;19;21;31;56;58
11;19;21;31;39;56
15;19;21;31;44;56
15;19;21;31;56;58
15;19;21;31;39;56
19;21;31;44;56;58
19;21;31;39;44;56
19;21;31;39;56;58
11;15;19;21;31;44
11;15;19;21;31;58
11;15;19;21;31;39
11;19;21;31;44;58
11;19;21;31;39;44
11;19;21;31;39;58
15;19;21;31;44;58
15;19;21;31;39;44
15;19;21;31;39;58
19;21;31;39;44;58
4;21;22;31;45;51
4;20;21;22;31;45
4;21;22;31;45;56
4;11;21;22;31;45
4;15;21;22;31;45
4;21;22;31;44;45
4;21;22;31;45;58
4;21;22;31;39;45
4;20;21;22;31;51
4;21;22;31;51;56
4;11;21;22;31;51
4;15;21;22;31;51
4;21;22;31;44;51
4;21;22;31;51;58
4;21;22;31;39;51
4;20;21;22;31;56
4;11;20;21;22;31
4;15;20;21;22;31
4;20;21;22;31;44
4;20;21;22;31;58
4;20;21;22;31;39
4;11;21;22;31;56
4;15;21;22;31;56
4;21;22;31;44;56
4;21;22;31;56;58
4;21;22;31;39;56
4;11;15;21;22;31
4;11;21;22;31;44
4;11;21;22;31;58
4;11;21;22;31;39
4;15;21;22;31;44
4;15;21;22;31;58
4;15;21;22;31;39
4;21;22;31;44;58
4;21;22;31;39;44
4;21;22;31;39;58
4;20;21;31;45;51
4;21;31;45;51;56
4;11;21;31;45;51
4;15;21;31;45;51
4;21;31;44;45;51
4;21;31;45;51;58
4;21;31;39;45;51
4;20;21;31;45;56
4;11;20;21;31;45
4;15;20;21;31;45
4;20;21;31;44;45
4;20;21;31;45;58
4;20;21;31;39;45
4;11;21;31;45;56
4;15;21;31;45;56
4;21;31;44;45;56
4;21;31;45;56;58
4;21;31;39;45;56
4;11;15;21;31;45
4;11;21;31;44;45
4;11;21;31;45;58
4;11;21;31;39;45
4;15;21;31;44;45
4;15;21;31;45;58
4;15;21;31;39;45
4;21;31;44;45;58
4;21;31;39;44;45
4;21;31;39;45;58
4;20;21;31;51;56
4;11;20;21;31;51
4;15;20;21;31;51
4;20;21;31;44;51
4;20;21;31;51;58
4;20;21;31;39;51
4;11;21;31;51;56
4;15;21;31;51;56
4;21;31;44;51;56
4;21;31;51;56;58
4;21;31;39;51;56
4;11;15;21;31;51
4;11;21;31;44;51
4;11;21;31;51;58
4;11;21;31;39;51
4;15;21;31;44;51
4;15;21;31;51;58
4;15;21;31;39;51
4;21;31;44;51;58
4;21;31;39;44;51
4;21;31;39;51;58
4;11;20;21;31;56
4;15;20;21;31;56
4;20;21;31;44;56
4;20;21;31;56;58
4;20;21;31;39;56
4;11;15;20;21;31
4;11;20;21;31;44
4;11;20;21;31;58
4;11;20;21;31;39
4;15;20;21;31;44
4;15;20;21;31;58
4;15;20;21;31;39
4;20;21;31;44;58
4;20;21;31;39;44
4;20;21;31;39;58
4;11;15;21;31;56
4;11;21;31;44;56
4;11;21;31;56;58
4;11;21;31;39;56
4;15;21;31;44;56
4;15;21;31;56;58
4;15;21;31;39;56
4;21;31;44;56;58
4;21;31;39;44;56
4;21;31;39;56;58
4;11;15;21;31;44
4;11;15;21;31;58
4;11;15;21;31;39
4;11;21;31;44;58
4;11;21;31;39;44
4;11;21;31;39;58
4;15;21;31;44;58
4;15;21;31;39;44
4;15;21;31;39;58
4;21;31;39;44;58
20;21;22;31;45;51
21;22;31;45;51;56
11;21;22;31;45;51
15;21;22;31;45;51
21;22;31;44;45;51
21;22;31;45;51;58
21;22;31;39;45;51
20;21;22;31;45;56
11;20;21;22;31;45
15;20;21;22;31;45
20;21;22;31;44;45
20;21;22;31;45;58
20;21;22;31;39;45
11;21;22;31;45;56
15;21;22;31;45;56
21;22;31;44;45;56
21;22;31;45;56;58
21;22;31;39;45;56
11;15;21;22;31;45
11;21;22;31;44;45
11;21;22;31;45;58
11;21;22;31;39;45
15;21;22;31;44;45
15;21;22;31;45;58
15;21;22;31;39;45
21;22;31;44;45;58
21;22;31;39;44;45
21;22;31;39;45;58
20;21;22;31;51;56
11;20;21;22;31;51
15;20;21;22;31;51
20;21;22;31;44;51
20;21;22;31;51;58
20;21;22;31;39;51
11;21;22;31;51;56
15;21;22;31;51;56
21;22;31;44;51;56
21;22;31;51;56;58
21;22;31;39;51;56
11;15;21;22;31;51
11;21;22;31;44;51
11;21;22;31;51;58
11;21;22;31;39;51
15;21;22;31;44;51
15;21;22;31;51;58
15;21;22;31;39;51
21;22;31;44;51;58
21;22;31;39;44;51
21;22;31;39;51;58
11;20;21;22;31;56
15;20;21;22;31;56
20;21;22;31;44;56
20;21;22;31;56;58
20;21;22;31;39;56
11;15;20;21;22;31
11;20;21;22;31;44
11;20;21;22;31;58
11;20;21;22;31;39
15;20;21;22;31;44
15;20;21;22;31;58
15;20;21;22;31;39
20;21;22;31;44;58
20;21;22;31;39;44
20;21;22;31;39;58
11;15;21;22;31;56
11;21;22;31;44;56
11;21;22;31;56;58
11;21;22;31;39;56
15;21;22;31;44;56
15;21;22;31;56;58
15;21;22;31;39;56
21;22;31;44;56;58
21;22;31;39;44;56
21;22;31;39;56;58
11;15;21;22;31;44
11;15;21;22;31;58
11;15;21;22;31;39
11;21;22;31;44;58
11;21;22;31;39;44
11;21;22;31;39;58
15;21;22;31;44;58
15;21;22;31;39;44
15;21;22;31;39;58
21;22;31;39;44;58
20;21;31;45;51;56
11;20;21;31;45;51
15;20;21;31;45;51
20;21;31;44;45;51
20;21;31;45;51;58
20;21;31;39;45;51
11;21;31;45;51;56
15;21;31;45;51;56
21;31;44;45;51;56
21;31;45;51;56;58
21;31;39;45;51;56
11;15;21;31;45;51
11;21;31;44;45;51
11;21;31;45;51;58
11;21;31;39;45;51
15;21;31;44;45;51
15;21;31;45;51;58
15;21;31;39;45;51
21;31;44;45;51;58
21;31;39;44;45;51
21;31;39;45;51;58
11;20;21;31;45;56
15;20;21;31;45;56
20;21;31;44;45;56
20;21;31;45;56;58
20;21;31;39;45;56
11;15;20;21;31;45
11;20;21;31;44;45
11;20;21;31;45;58
11;20;21;31;39;45
15;20;21;31;44;45
15;20;21;31;45;58
15;20;21;31;39;45
20;21;31;44;45;58
20;21;31;39;44;45
20;21;31;39;45;58
11;15;21;31;45;56
11;21;31;44;45;56
11;21;31;45;56;58
11;21;31;39;45;56
15;21;31;44;45;56
15;21;31;45;56;58
15;21;31;39;45;56
21;31;44;45;56;58
21;31;39;44;45;56
21;31;39;45;56;58
11;15;21;31;44;45
11;15;21;31;45;58
11;15;21;31;39;45
11;21;31;44;45;58
11;21;31;39;44;45
11;21;31;39;45;58
15;21;31;44;45;58
15;21;31;39;44;45
15;21;31;39;45;58
21;31;39;44;45;58
11;20;21;31;51;56
15;20;21;31;51;56
20;21;31;44;51;56
20;21;31;51;56;58
20;21;31;39;51;56
11;15;20;21;31;51
11;20;21;31;44;51
11;20;21;31;51;58
11;20;21;31;39;51
15;20;21;31;44;51
15;20;21;31;51;58
15;20;21;31;39;51
20;21;31;44;51;58
20;21;31;39;44;51
20;21;31;39;51;58
11;15;21;31;51;56
11;21;31;44;51;56
11;21;31;51;56;58
11;21;31;39;51;56
15;21;31;44;51;56
15;21;31;51;56;58
15;21;31;39;51;56
21;31;44;51;56;58
21;31;39;44;51;56
21;31;39;51;56;58
11;15;21;31;44;51
11;15;21;31;51;58
11;15;21;31;39;51
11;21;31;44;51;58
11;21;31;39;44;51
11;21;31;39;51;58
15;21;31;44;51;58
15;21;31;39;44;51
15;21;31;39;51;58
21;31;39;44;51;58
11;15;20;21;31;56
11;20;21;31;44;56
11;20;21;31;56;58
11;20;21;31;39;56
15;20;21;31;44;56
15;20;21;31;56;58
15;20;21;31;39;56
20;21;31;44;56;58
20;21;31;39;44;56
20;21;31;39;56;58
11;15;20;21;31;44
11;15;20;21;31;58
11;15;20;21;31;39
11;20;21;31;44;58
11;20;21;31;39;44
11;20;21;31;39;58
15;20;21;31;44;58
15;20;21;31;39;44
15;20;21;31;39;58
20;21;31;39;44;58
11;15;21;31;44;56
11;15;21;31;56;58
11;15;21;31;39;56
11;21;31;44;56;58
11;21;31;39;44;56
11;21;31;39;56;58
15;21;31;44;56;58
15;21;31;39;44;56
15;21;31;39;56;58
21;31;39;44;56;58
11;15;21;31;44;58
11;15;21;31;39;44
11;15;21;31;39;58
11;21;31;39;44;58
15;21;31;39;44;58
4;19;21;22;45;57
4;19;21;22;51;57
4;19;20;21;22;57
4;19;21;22;56;57
4;11;19;21;22;57
4;15;19;21;22;57
4;19;21;22;44;57
4;19;21;22;57;58
4;19;21;22;39;57
4;19;21;45;51;57
4;19;20;21;45;57
4;19;21;45;56;57
4;11;19;21;45;57
4;15;19;21;45;57
4;19;21;44;45;57
4;19;21;45;57;58
4;19;21;39;45;57
4;19;20;21;51;57
4;19;21;51;56;57
4;11;19;21;51;57
4;15;19;21;51;57
4;19;21;44;51;57
4;19;21;51;57;58
4;19;21;39;51;57
4;19;20;21;56;57
4;11;19;20;21;57
4;15;19;20;21;57
4;19;20;21;44;57
4;19;20;21;57;58
4;19;20;21;39;57
4;11;19;21;56;57
4;15;19;21;56;57
4;19;21;44;56;57
4;19;21;56;57;58
4;19;21;39;56;57
4;11;15;19;21;57
4;11;19;21;44;57
4;11;19;21;57;58
4;11;19;21;39;57
4;15;19;21;44;57
4;15;19;21;57;58
4;15;19;21;39;57
4;19;21;44;57;58
4;19;21;39;44;57
4;19;21;39;57;58
19;21;22;45;51;57
19;20;21;22;45;57
19;21;22;45;56;57
11;19;21;22;45;57
15;19;21;22;45;57
19;21;22;44;45;57
19;21;22;45;57;58
19;21;22;39;45;57
19;20;21;22;51;57
19;21;22;51;56;57
11;19;21;22;51;57
15;19;21;22;51;57
19;21;22;44;51;57
19;21;22;51;57;58
19;21;22;39;51;57
19;20;21;22;56;57
11;19;20;21;22;57
15;19;20;21;22;57
19;20;21;22;44;57
19;20;21;22;57;58
19;20;21;22;39;57
11;19;21;22;56;57
15;19;21;22;56;57
19;21;22;44;56;57
19;21;22;56;57;58
19;21;22;39;56;57
11;15;19;21;22;57
11;19;21;22;44;57
11;19;21;22;57;58
11;19;21;22;39;57
15;19;21;22;44;57
15;19;21;22;57;58
15;19;21;22;39;57
19;21;22;44;57;58
19;21;22;39;44;57
19;21;22;39;57;58
19;20;21;45;51;57
19;21;45;51;56;57
11;19;21;45;51;57
15;19;21;45;51;57
19;21;44;45;51;57
19;21;45;51;57;58
19;21;39;45;51;57
19;20;21;45;56;57
11;19;20;21;45;57
15;19;20;21;45;57
19;20;21;44;45;57
19;20;21;45;57;58
19;20;21;39;45;57
11;19;21;45;56;57
15;19;21;45;56;57
19;21;44;45;56;57
19;21;45;56;57;58
19;21;39;45;56;57
11;15;19;21;45;57
11;19;21;44;45;57
11;19;21;45;57;58
11;19;21;39;45;57
15;19;21;44;45;57
15;19;21;45;57;58
15;19;21;39;45;57
19;21;44;45;57;58
19;21;39;44;45;57
19;21;39;45;57;58
19;20;21;51;56;57
11;19;20;21;51;57
15;19;20;21;51;57
19;20;21;44;51;57
19;20;21;51;57;58
19;20;21;39;51;57
11;19;21;51;56;57
15;19;21;51;56;57
19;21;44;51;56;57
19;21;51;56;57;58
19;21;39;51;56;57
11;15;19;21;51;57
11;19;21;44;51;57
11;19;21;51;57;58
11;19;21;39;51;57
15;19;21;44;51;57
15;19;21;51;57;58
15;19;21;39;51;57
19;21;44;51;57;58
19;21;39;44;51;57
19;21;39;51;57;58
11;19;20;21;56;57
15;19;20;21;56;57
19;20;21;44;56;57
19;20;21;56;57;58
19;20;21;39;56;57
11;15;19;20;21;57
11;19;20;21;44;57
11;19;20;21;57;58
11;19;20;21;39;57
15;19;20;21;44;57
15;19;20;21;57;58
15;19;20;21;39;57
19;20;21;44;57;58
19;20;21;39;44;57
19;20;21;39;57;58
11;15;19;21;56;57
11;19;21;44;56;57
11;19;21;56;57;58
11;19;21;39;56;57
15;19;21;44;56;57
15;19;21;56;57;58
15;19;21;39;56;57
19;21;44;56;57;58
19;21;39;44;56;57
19;21;39;56;57;58
11;15;19;21;44;57
11;15;19;21;57;58
11;15;19;21;39;57
11;19;21;44;57;58
11;19;21;39;44;57
11;19;21;39;57;58
15;19;21;44;57;58
15;19;21;39;44;57
15;19;21;39;57;58
19;21;39;44;57;58
4;21;22;45;51;57
4;20;21;22;45;57
4;21;22;45;56;57
4;11;21;22;45;57
4;15;21;22;45;57
4;21;22;44;45;57
4;21;22;45;57;58
4;21;22;39;45;57
4;20;21;22;51;57
4;21;22;51;56;57
4;11;21;22;51;57
4;15;21;22;51;57
4;21;22;44;51;57
4;21;22;51;57;58
4;21;22;39;51;57
4;20;21;22;56;57
4;11;20;21;22;57
4;15;20;21;22;57
4;20;21;22;44;57
4;20;21;22;57;58
4;20;21;22;39;57
4;11;21;22;56;57
4;15;21;22;56;57
4;21;22;44;56;57
4;21;22;56;57;58
4;21;22;39;56;57
4;11;15;21;22;57
4;11;21;22;44;57
4;11;21;22;57;58
4;11;21;22;39;57
4;15;21;22;44;57
4;15;21;22;57;58
4;15;21;22;39;57
4;21;22;44;57;58
4;21;22;39;44;57
4;21;22;39;57;58
4;20;21;45;51;57
4;21;45;51;56;57
4;11;21;45;51;57
4;15;21;45;51;57
4;21;44;45;51;57
4;21;45;51;57;58
4;21;39;45;51;57
4;20;21;45;56;57
4;11;20;21;45;57
4;15;20;21;45;57
4;20;21;44;45;57
4;20;21;45;57;58
4;20;21;39;45;57
4;11;21;45;56;57
4;15;21;45;56;57
4;21;44;45;56;57
4;21;45;56;57;58
4;21;39;45;56;57
4;11;15;21;45;57
4;11;21;44;45;57
4;11;21;45;57;58
4;11;21;39;45;57
4;15;21;44;45;57
4;15;21;45;57;58
4;15;21;39;45;57
4;21;44;45;57;58
4;21;39;44;45;57
4;21;39;45;57;58
4;20;21;51;56;57
4;11;20;21;51;57
4;15;20;21;51;57
4;20;21;44;51;57
4;20;21;51;57;58
4;20;21;39;51;57
4;11;21;51;56;57
4;15;21;51;56;57
4;21;44;51;56;57
4;21;51;56;57;58
4;21;39;51;56;57
4;11;15;21;51;57
4;11;21;44;51;57
4;11;21;51;57;58
4;11;21;39;51;57
4;15;21;44;51;57
4;15;21;51;57;58
4;15;21;39;51;57
4;21;44;51;57;58
4;21;39;44;51;57
4;21;39;51;57;58
4;11;20;21;56;57
4;15;20;21;56;57
4;20;21;44;56;57
4;20;21;56;57;58
4;20;21;39;56;57
4;11;15;20;21;57
4;11;20;21;44;57
4;11;20;21;57;58
4;11;20;21;39;57
4;15;20;21;44;57
4;15;20;21;57;58
4;15;20;21;39;57
4;20;21;44;57;58
4;20;21;39;44;57
4;20;21;39;57;58
4;11;15;21;56;57
4;11;21;44;56;57
4;11;21;56;57;58
4;11;21;39;56;57
4;15;21;44;56;57
4;15;21;56;57;58
4;15;21;39;56;57
4;21;44;56;57;58
4;21;39;44;56;57
4;21;39;56;57;58
4;11;15;21;44;57
4;11;15;21;57;58
4;11;15;21;39;57
4;11;21;44;57;58
4;11;21;39;44;57
4;11;21;39;57;58
4;15;21;44;57;58
4;15;21;39;44;57
4;15;21;39;57;58
4;21;39;44;57;58
20;21;22;45;51;57
21;22;45;51;56;57
11;21;22;45;51;57
15;21;22;45;51;57
21;22;44;45;51;57
21;22;45;51;57;58
21;22;39;45;51;57
20;21;22;45;56;57
11;20;21;22;45;57
15;20;21;22;45;57
20;21;22;44;45;57
20;21;22;45;57;58
20;21;22;39;45;57
11;21;22;45;56;57
15;21;22;45;56;57
21;22;44;45;56;57
21;22;45;56;57;58
21;22;39;45;56;57
11;15;21;22;45;57
11;21;22;44;45;57
11;21;22;45;57;58
11;21;22;39;45;57
15;21;22;44;45;57
15;21;22;45;57;58
15;21;22;39;45;57
21;22;44;45;57;58
21;22;39;44;45;57
21;22;39;45;57;58
20;21;22;51;56;57
11;20;21;22;51;57
15;20;21;22;51;57
20;21;22;44;51;57
20;21;22;51;57;58
20;21;22;39;51;57
11;21;22;51;56;57
15;21;22;51;56;57
21;22;44;51;56;57
21;22;51;56;57;58
21;22;39;51;56;57
11;15;21;22;51;57
11;21;22;44;51;57
11;21;22;51;57;58
11;21;22;39;51;57
15;21;22;44;51;57
15;21;22;51;57;58
15;21;22;39;51;57
21;22;44;51;57;58
21;22;39;44;51;57
21;22;39;51;57;58
11;20;21;22;56;57
15;20;21;22;56;57
20;21;22;44;56;57
20;21;22;56;57;58
20;21;22;39;56;57
11;15;20;21;22;57
11;20;21;22;44;57
11;20;21;22;57;58
11;20;21;22;39;57
15;20;21;22;44;57
15;20;21;22;57;58
15;20;21;22;39;57
20;21;22;44;57;58
20;21;22;39;44;57
20;21;22;39;57;58
11;15;21;22;56;57
11;21;22;44;56;57
11;21;22;56;57;58
11;21;22;39;56;57
15;21;22;44;56;57
15;21;22;56;57;58
15;21;22;39;56;57
21;22;44;56;57;58
21;22;39;44;56;57
21;22;39;56;57;58
11;15;21;22;44;57
11;15;21;22;57;58
11;15;21;22;39;57
11;21;22;44;57;58
11;21;22;39;44;57
11;21;22;39;57;58
15;21;22;44;57;58
15;21;22;39;44;57
15;21;22;39;57;58
21;22;39;44;57;58
20;21;45;51;56;57
11;20;21;45;51;57
15;20;21;45;51;57
20;21;44;45;51;57
20;21;45;51;57;58
20;21;39;45;51;57
11;21;45;51;56;57
15;21;45;51;56;57
21;44;45;51;56;57
21;45;51;56;57;58
21;39;45;51;56;57
11;15;21;45;51;57
11;21;44;45;51;57
11;21;45;51;57;58
11;21;39;45;51;57
15;21;44;45;51;57
15;21;45;51;57;58
15;21;39;45;51;57
21;44;45;51;57;58
21;39;44;45;51;57
21;39;45;51;57;58
11;20;21;45;56;57
15;20;21;45;56;57
20;21;44;45;56;57
20;21;45;56;57;58
20;21;39;45;56;57
11;15;20;21;45;57
11;20;21;44;45;57
11;20;21;45;57;58
11;20;21;39;45;57
15;20;21;44;45;57
15;20;21;45;57;58
15;20;21;39;45;57
20;21;44;45;57;58
20;21;39;44;45;57
20;21;39;45;57;58
11;15;21;45;56;57
11;21;44;45;56;57
11;21;45;56;57;58
11;21;39;45;56;57
15;21;44;45;56;57
15;21;45;56;57;58
15;21;39;45;56;57
21;44;45;56;57;58
21;39;44;45;56;57
21;39;45;56;57;58
11;15;21;44;45;57
11;15;21;45;57;58
11;15;21;39;45;57
11;21;44;45;57;58
11;21;39;44;45;57
11;21;39;45;57;58
15;21;44;45;57;58
15;21;39;44;45;57
15;21;39;45;57;58
21;39;44;45;57;58
11;20;21;51;56;57
15;20;21;51;56;57
20;21;44;51;56;57
20;21;51;56;57;58
20;21;39;51;56;57
11;15;20;21;51;57
11;20;21;44;51;57
11;20;21;51;57;58
11;20;21;39;51;57
15;20;21;44;51;57
15;20;21;51;57;58
15;20;21;39;51;57
20;21;44;51;57;58
20;21;39;44;51;57
20;21;39;51;57;58
11;15;21;51;56;57
11;21;44;51;56;57
11;21;51;56;57;58
11;21;39;51;56;57
15;21;44;51;56;57
15;21;51;56;57;58
15;21;39;51;56;57
21;44;51;56;57;58
21;39;44;51;56;57
21;39;51;56;57;58
11;15;21;44;51;57
11;15;21;51;57;58
11;15;21;39;51;57
11;21;44;51;57;58
11;21;39;44;51;57
11;21;39;51;57;58
15;21;44;51;57;58
15;21;39;44;51;57
15;21;39;51;57;58
21;39;44;51;57;58
11;15;20;21;56;57
11;20;21;44;56;57
11;20;21;56;57;58
11;20;21;39;56;57
15;20;21;44;56;57
15;20;21;56;57;58
15;20;21;39;56;57
20;21;44;56;57;58
20;21;39;44;56;57
20;21;39;56;57;58
11;15;20;21;44;57
11;15;20;21;57;58
11;15;20;21;39;57
11;20;21;44;57;58
11;20;21;39;44;57
11;20;21;39;57;58
15;20;21;44;57;58
15;20;21;39;44;57
15;20;21;39;57;58
20;21;39;44;57;58
11;15;21;44;56;57
11;15;21;56;57;58
11;15;21;39;56;57
11;21;44;56;57;58
11;21;39;44;56;57
11;21;39;56;57;58
15;21;44;56;57;58
15;21;39;44;56;57
15;21;39;56;57;58
21;39;44;56;57;58
11;15;21;44;57;58
11;15;21;39;44;57
11;15;21;39;57;58
11;21;39;44;57;58
15;21;39;44;57;58
4;19;21;22;45;51
4;19;20;21;22;45
4;19;21;22;45;56
4;11;19;21;22;45
4;15;19;21;22;45
4;19;21;22;44;45
4;19;21;22;45;58
4;19;21;22;39;45
4;19;20;21;22;51
4;19;21;22;51;56
4;11;19;21;22;51
4;15;19;21;22;51
4;19;21;22;44;51
4;19;21;22;51;58
4;19;21;22;39;51
4;19;20;21;22;56
4;11;19;20;21;22
4;15;19;20;21;22
4;19;20;21;22;44
4;19;20;21;22;58
4;19;20;21;22;39
4;11;19;21;22;56
4;15;19;21;22;56
4;19;21;22;44;56
4;19;21;22;56;58
4;19;21;22;39;56
4;11;15;19;21;22
4;11;19;21;22;44
4;11;19;21;22;58
4;11;19;21;22;39
4;15;19;21;22;44
4;15;19;21;22;58
4;15;19;21;22;39
4;19;21;22;44;58
4;19;21;22;39;44
4;19;21;22;39;58
4;19;20;21;45;51
4;19;21;45;51;56
4;11;19;21;45;51
4;15;19;21;45;51
4;19;21;44;45;51
4;19;21;45;51;58
4;19;21;39;45;51
4;19;20;21;45;56
4;11;19;20;21;45
4;15;19;20;21;45
4;19;20;21;44;45
4;19;20;21;45;58
4;19;20;21;39;45
4;11;19;21;45;56
4;15;19;21;45;56
4;19;21;44;45;56
4;19;21;45;56;58
4;19;21;39;45;56
4;11;15;19;21;45
4;11;19;21;44;45
4;11;19;21;45;58
4;11;19;21;39;45
4;15;19;21;44;45
4;15;19;21;45;58
4;15;19;21;39;45
4;19;21;44;45;58
4;19;21;39;44;45
4;19;21;39;45;58
4;19;20;21;51;56
4;11;19;20;21;51
4;15;19;20;21;51
4;19;20;21;44;51
4;19;20;21;51;58
4;19;20;21;39;51
4;11;19;21;51;56
4;15;19;21;51;56
4;19;21;44;51;56
4;19;21;51;56;58
4;19;21;39;51;56
4;11;15;19;21;51
4;11;19;21;44;51
4;11;19;21;51;58
4;11;19;21;39;51
4;15;19;21;44;51
4;15;19;21;51;58
4;15;19;21;39;51
4;19;21;44;51;58
4;19;21;39;44;51
4;19;21;39;51;58
4;11;19;20;21;56
4;15;19;20;21;56
4;19;20;21;44;56
4;19;20;21;56;58
4;19;20;21;39;56
4;11;15;19;20;21
4;11;19;20;21;44
4;11;19;20;21;58
4;11;19;20;21;39
4;15;19;20;21;44
4;15;19;20;21;58
4;15;19;20;21;39
4;19;20;21;44;58
4;19;20;21;39;44
4;19;20;21;39;58
4;11;15;19;21;56
4;11;19;21;44;56
4;11;19;21;56;58
4;11;19;21;39;56
4;15;19;21;44;56
4;15;19;21;56;58
4;15;19;21;39;56
4;19;21;44;56;58
4;19;21;39;44;56
4;19;21;39;56;58
4;11;15;19;21;44
4;11;15;19;21;58
4;11;15;19;21;39
4;11;19;21;44;58
4;11;19;21;39;44
4;11;19;21;39;58
4;15;19;21;44;58
4;15;19;21;39;44
4;15;19;21;39;58
4;19;21;39;44;58
19;20;21;22;45;51
19;21;22;45;51;56
11;19;21;22;45;51
15;19;21;22;45;51
19;21;22;44;45;51
19;21;22;45;51;58
19;21;22;39;45;51
19;20;21;22;45;56
11;19;20;21;22;45
15;19;20;21;22;45
19;20;21;22;44;45
19;20;21;22;45;58
19;20;21;22;39;45
11;19;21;22;45;56
15;19;21;22;45;56
19;21;22;44;45;56
19;21;22;45;56;58
19;21;22;39;45;56
11;15;19;21;22;45
11;19;21;22;44;45
11;19;21;22;45;58
11;19;21;22;39;45
15;19;21;22;44;45
15;19;21;22;45;58
15;19;21;22;39;45
19;21;22;44;45;58
19;21;22;39;44;45
19;21;22;39;45;58
19;20;21;22;51;56
11;19;20;21;22;51
15;19;20;21;22;51
19;20;21;22;44;51
19;20;21;22;51;58
19;20;21;22;39;51
11;19;21;22;51;56
15;19;21;22;51;56
19;21;22;44;51;56
19;21;22;51;56;58
19;21;22;39;51;56
11;15;19;21;22;51
11;19;21;22;44;51
11;19;21;22;51;58
11;19;21;22;39;51
15;19;21;22;44;51
15;19;21;22;51;58
15;19;21;22;39;51
19;21;22;44;51;58
19;21;22;39;44;51
19;21;22;39;51;58
11;19;20;21;22;56
15;19;20;21;22;56
19;20;21;22;44;56
19;20;21;22;56;58
19;20;21;22;39;56
11;15;19;20;21;22
11;19;20;21;22;44
11;19;20;21;22;58
11;19;20;21;22;39
15;19;20;21;22;44
15;19;20;21;22;58
15;19;20;21;22;39
19;20;21;22;44;58
19;20;21;22;39;44
19;20;21;22;39;58
11;15;19;21;22;56
11;19;21;22;44;56
11;19;21;22;56;58
11;19;21;22;39;56
15;19;21;22;44;56
15;19;21;22;56;58
15;19;21;22;39;56
19;21;22;44;56;58
19;21;22;39;44;56
19;21;22;39;56;58
11;15;19;21;22;44
11;15;19;21;22;58
11;15;19;21;22;39
11;19;21;22;44;58
11;19;21;22;39;44
11;19;21;22;39;58
15;19;21;22;44;58
15;19;21;22;39;44
15;19;21;22;39;58
19;21;22;39;44;58
19;20;21;45;51;56
11;19;20;21;45;51
15;19;20;21;45;51
19;20;21;44;45;51
19;20;21;45;51;58
19;20;21;39;45;51
11;19;21;45;51;56
15;19;21;45;51;56
19;21;44;45;51;56
19;21;45;51;56;58
19;21;39;45;51;56
11;15;19;21;45;51
11;19;21;44;45;51
11;19;21;45;51;58
11;19;21;39;45;51
15;19;21;44;45;51
15;19;21;45;51;58
15;19;21;39;45;51
19;21;44;45;51;58
19;21;39;44;45;51
19;21;39;45;51;58
11;19;20;21;45;56
15;19;20;21;45;56
19;20;21;44;45;56
19;20;21;45;56;58
19;20;21;39;45;56
11;15;19;20;21;45
11;19;20;21;44;45
11;19;20;21;45;58
11;19;20;21;39;45
15;19;20;21;44;45
15;19;20;21;45;58
15;19;20;21;39;45
19;20;21;44;45;58
19;20;21;39;44;45
19;20;21;39;45;58
11;15;19;21;45;56
11;19;21;44;45;56
11;19;21;45;56;58
11;19;21;39;45;56
15;19;21;44;45;56
15;19;21;45;56;58
15;19;21;39;45;56
19;21;44;45;56;58
19;21;39;44;45;56
19;21;39;45;56;58
11;15;19;21;44;45
11;15;19;21;45;58
11;15;19;21;39;45
11;19;21;44;45;58
11;19;21;39;44;45
11;19;21;39;45;58
15;19;21;44;45;58
15;19;21;39;44;45
15;19;21;39;45;58
19;21;39;44;45;58
11;19;20;21;51;56
15;19;20;21;51;56
19;20;21;44;51;56
19;20;21;51;56;58
19;20;21;39;51;56
11;15;19;20;21;51
11;19;20;21;44;51
11;19;20;21;51;58
11;19;20;21;39;51
15;19;20;21;44;51
15;19;20;21;51;58
15;19;20;21;39;51
19;20;21;44;51;58
19;20;21;39;44;51
19;20;21;39;51;58
11;15;19;21;51;56
11;19;21;44;51;56
11;19;21;51;56;58
11;19;21;39;51;56
15;19;21;44;51;56
15;19;21;51;56;58
15;19;21;39;51;56
19;21;44;51;56;58
19;21;39;44;51;56
19;21;39;51;56;58
11;15;19;21;44;51
11;15;19;21;51;58
11;15;19;21;39;51
11;19;21;44;51;58
11;19;21;39;44;51
11;19;21;39;51;58
15;19;21;44;51;58
15;19;21;39;44;51
15;19;21;39;51;58
19;21;39;44;51;58
11;15;19;20;21;56
11;19;20;21;44;56
11;19;20;21;56;58
11;19;20;21;39;56
15;19;20;21;44;56
15;19;20;21;56;58
15;19;20;21;39;56
19;20;21;44;56;58
19;20;21;39;44;56
19;20;21;39;56;58
11;15;19;20;21;44
11;15;19;20;21;58
11;15;19;20;21;39
11;19;20;21;44;58
11;19;20;21;39;44
11;19;20;21;39;58
15;19;20;21;44;58
15;19;20;21;39;44
15;19;20;21;39;58
19;20;21;39;44;58
11;15;19;21;44;56
11;15;19;21;56;58
11;15;19;21;39;56
11;19;21;44;56;58
11;19;21;39;44;56
11;19;21;39;56;58
15;19;21;44;56;58
15;19;21;39;44;56
15;19;21;39;56;58
19;21;39;44;56;58
11;15;19;21;44;58
11;15;19;21;39;44
11;15;19;21;39;58
11;19;21;39;44;58
15;19;21;39;44;58
4;20;21;22;45;51
4;21;22;45;51;56
4;11;21;22;45;51
4;15;21;22;45;51
4;21;22;44;45;51
4;21;22;45;51;58
4;21;22;39;45;51
4;20;21;22;45;56
4;11;20;21;22;45
4;15;20;21;22;45
4;20;21;22;44;45
4;20;21;22;45;58
4;20;21;22;39;45
4;11;21;22;45;56
4;15;21;22;45;56
4;21;22;44;45;56
4;21;22;45;56;58
4;21;22;39;45;56
4;11;15;21;22;45
4;11;21;22;44;45
4;11;21;22;45;58
4;11;21;22;39;45
4;15;21;22;44;45
4;15;21;22;45;58
4;15;21;22;39;45
4;21;22;44;45;58
4;21;22;39;44;45
4;21;22;39;45;58
4;20;21;22;51;56
4;11;20;21;22;51
4;15;20;21;22;51
4;20;21;22;44;51
4;20;21;22;51;58
4;20;21;22;39;51
4;11;21;22;51;56
4;15;21;22;51;56
4;21;22;44;51;56
4;21;22;51;56;58
4;21;22;39;51;56
4;11;15;21;22;51
4;11;21;22;44;51
4;11;21;22;51;58
4;11;21;22;39;51
4;15;21;22;44;51
4;15;21;22;51;58
4;15;21;22;39;51
4;21;22;44;51;58
4;21;22;39;44;51
4;21;22;39;51;58
4;11;20;21;22;56
4;15;20;21;22;56
4;20;21;22;44;56
4;20;21;22;56;58
4;20;21;22;39;56
4;11;15;20;21;22
4;11;20;21;22;44
4;11;20;21;22;58
4;11;20;21;22;39
4;15;20;21;22;44
4;15;20;21;22;58
4;15;20;21;22;39
4;20;21;22;44;58
4;20;21;22;39;44
4;20;21;22;39;58
4;11;15;21;22;56
4;11;21;22;44;56
4;11;21;22;56;58
4;11;21;22;39;56
4;15;21;22;44;56
4;15;21;22;56;58
4;15;21;22;39;56
4;21;22;44;56;58
4;21;22;39;44;56
4;21;22;39;56;58
4;11;15;21;22;44
4;11;15;21;22;58
4;11;15;21;22;39
4;11;21;22;44;58
4;11;21;22;39;44
4;11;21;22;39;58
4;15;21;22;44;58
4;15;21;22;39;44
4;15;21;22;39;58
4;21;22;39;44;58
4;20;21;45;51;56
4;11;20;21;45;51
4;15;20;21;45;51
4;20;21;44;45;51
4;20;21;45;51;58
4;20;21;39;45;51
4;11;21;45;51;56
4;15;21;45;51;56
4;21;44;45;51;56
4;21;45;51;56;58
4;21;39;45;51;56
4;11;15;21;45;51
4;11;21;44;45;51
4;11;21;45;51;58
4;11;21;39;45;51
4;15;21;44;45;51
4;15;21;45;51;58
4;15;21;39;45;51
4;21;44;45;51;58
4;21;39;44;45;51
4;21;39;45;51;58
4;11;20;21;45;56
4;15;20;21;45;56
4;20;21;44;45;56
4;20;21;45;56;58
4;20;21;39;45;56
4;11;15;20;21;45
4;11;20;21;44;45
4;11;20;21;45;58
4;11;20;21;39;45
4;15;20;21;44;45
4;15;20;21;45;58
4;15;20;21;39;45
4;20;21;44;45;58
4;20;21;39;44;45
4;20;21;39;45;58
4;11;15;21;45;56
4;11;21;44;45;56
4;11;21;45;56;58
4;11;21;39;45;56
4;15;21;44;45;56
4;15;21;45;56;58
4;15;21;39;45;56
4;21;44;45;56;58
4;21;39;44;45;56
4;21;39;45;56;58
4;11;15;21;44;45
4;11;15;21;45;58
4;11;15;21;39;45
4;11;21;44;45;58
4;11;21;39;44;45
4;11;21;39;45;58
4;15;21;44;45;58
4;15;21;39;44;45
4;15;21;39;45;58
4;21;39;44;45;58
4;11;20;21;51;56
4;15;20;21;51;56
4;20;21;44;51;56
4;20;21;51;56;58
4;20;21;39;51;56
4;11;15;20;21;51
4;11;20;21;44;51
4;11;20;21;51;58
4;11;20;21;39;51
4;15;20;21;44;51
4;15;20;21;51;58
4;15;20;21;39;51
4;20;21;44;51;58
4;20;21;39;44;51
4;20;21;39;51;58
4;11;15;21;51;56
4;11;21;44;51;56
4;11;21;51;56;58
4;11;21;39;51;56
4;15;21;44;51;56
4;15;21;51;56;58
4;15;21;39;51;56
4;21;44;51;56;58
4;21;39;44;51;56
4;21;39;51;56;58
4;11;15;21;44;51
4;11;15;21;51;58
4;11;15;21;39;51
4;11;21;44;51;58
4;11;21;39;44;51
4;11;21;39;51;58
4;15;21;44;51;58
4;15;21;39;44;51
4;15;21;39;51;58
4;21;39;44;51;58
4;11;15;20;21;56
4;11;20;21;44;56
4;11;20;21;56;58
4;11;20;21;39;56
4;15;20;21;44;56
4;15;20;21;56;58
4;15;20;21;39;56
4;20;21;44;56;58
4;20;21;39;44;56
4;20;21;39;56;58
4;11;15;20;21;44
4;11;15;20;21;58
4;11;15;20;21;39
4;11;20;21;44;58
4;11;20;21;39;44
4;11;20;21;39;58
4;15;20;21;44;58
4;15;20;21;39;44
4;15;20;21;39;58
4;20;21;39;44;58
4;11;15;21;44;56
4;11;15;21;56;58
4;11;15;21;39;56
4;11;21;44;56;58
4;11;21;39;44;56
4;11;21;39;56;58
4;15;21;44;56;58
4;15;21;39;44;56
4;15;21;39;56;58
4;21;39;44;56;58
4;11;15;21;44;58
4;11;15;21;39;44
4;11;15;21;39;58
4;11;21;39;44;58
4;15;21;39;44;58
20;21;22;45;51;56
11;20;21;22;45;51
15;20;21;22;45;51
20;21;22;44;45;51
20;21;22;45;51;58
20;21;22;39;45;51
11;21;22;45;51;56
15;21;22;45;51;56
21;22;44;45;51;56
21;22;45;51;56;58
21;22;39;45;51;56
11;15;21;22;45;51
11;21;22;44;45;51
11;21;22;45;51;58
11;21;22;39;45;51
15;21;22;44;45;51
15;21;22;45;51;58
15;21;22;39;45;51
21;22;44;45;51;58
21;22;39;44;45;51
21;22;39;45;51;58
11;20;21;22;45;56
15;20;21;22;45;56
20;21;22;44;45;56
20;21;22;45;56;58
20;21;22;39;45;56
11;15;20;21;22;45
11;20;21;22;44;45
11;20;21;22;45;58
11;20;21;22;39;45
15;20;21;22;44;45
15;20;21;22;45;58
15;20;21;22;39;45
20;21;22;44;45;58
20;21;22;39;44;45
20;21;22;39;45;58
11;15;21;22;45;56
11;21;22;44;45;56
11;21;22;45;56;58
11;21;22;39;45;56
15;21;22;44;45;56
15;21;22;45;56;58
15;21;22;39;45;56
21;22;44;45;56;58
21;22;39;44;45;56
21;22;39;45;56;58
11;15;21;22;44;45
11;15;21;22;45;58
11;15;21;22;39;45
11;21;22;44;45;58
11;21;22;39;44;45
11;21;22;39;45;58
15;21;22;44;45;58
15;21;22;39;44;45
15;21;22;39;45;58
21;22;39;44;45;58
11;20;21;22;51;56
15;20;21;22;51;56
20;21;22;44;51;56
20;21;22;51;56;58
20;21;22;39;51;56
11;15;20;21;22;51
11;20;21;22;44;51
11;20;21;22;51;58
11;20;21;22;39;51
15;20;21;22;44;51
15;20;21;22;51;58
15;20;21;22;39;51
20;21;22;44;51;58
20;21;22;39;44;51
20;21;22;39;51;58
11;15;21;22;51;56
11;21;22;44;51;56
11;21;22;51;56;58
11;21;22;39;51;56
15;21;22;44;51;56
15;21;22;51;56;58
15;21;22;39;51;56
21;22;44;51;56;58
21;22;39;44;51;56
21;22;39;51;56;58
11;15;21;22;44;51
11;15;21;22;51;58
11;15;21;22;39;51
11;21;22;44;51;58
11;21;22;39;44;51
11;21;22;39;51;58
15;21;22;44;51;58
15;21;22;39;44;51
15;21;22;39;51;58
21;22;39;44;51;58
11;15;20;21;22;56
11;20;21;22;44;56
11;20;21;22;56;58
11;20;21;22;39;56
15;20;21;22;44;56
15;20;21;22;56;58
15;20;21;22;39;56
20;21;22;44;56;58
20;21;22;39;44;56
20;21;22;39;56;58
11;15;20;21;22;44
11;15;20;21;22;58
11;15;20;21;22;39
11;20;21;22;44;58
11;20;21;22;39;44
11;20;21;22;39;58
15;20;21;22;44;58
15;20;21;22;39;44
15;20;21;22;39;58
20;21;22;39;44;58
11;15;21;22;44;56
11;15;21;22;56;58
11;15;21;22;39;56
11;21;22;44;56;58
11;21;22;39;44;56
11;21;22;39;56;58
15;21;22;44;56;58
15;21;22;39;44;56
15;21;22;39;56;58
21;22;39;44;56;58
11;15;21;22;44;58
11;15;21;22;39;44
11;15;21;22;39;58
11;21;22;39;44;58
15;21;22;39;44;58
11;20;21;45;51;56
15;20;21;45;51;56
20;21;44;45;51;56
20;21;45;51;56;58
20;21;39;45;51;56
11;15;20;21;45;51
11;20;21;44;45;51
11;20;21;45;51;58
11;20;21;39;45;51
15;20;21;44;45;51
15;20;21;45;51;58
15;20;21;39;45;51
20;21;44;45;51;58
20;21;39;44;45;51
20;21;39;45;51;58
11;15;21;45;51;56
11;21;44;45;51;56
11;21;45;51;56;58
11;21;39;45;51;56
15;21;44;45;51;56
15;21;45;51;56;58
15;21;39;45;51;56
21;44;45;51;56;58
21;39;44;45;51;56
21;39;45;51;56;58
11;15;21;44;45;51
11;15;21;45;51;58
11;15;21;39;45;51
11;21;44;45;51;58
11;21;39;44;45;51
11;21;39;45;51;58
15;21;44;45;51;58
15;21;39;44;45;51
15;21;39;45;51;58
21;39;44;45;51;58
11;15;20;21;45;56
11;20;21;44;45;56
11;20;21;45;56;58
11;20;21;39;45;56
15;20;21;44;45;56
15;20;21;45;56;58
15;20;21;39;45;56
20;21;44;45;56;58
20;21;39;44;45;56
20;21;39;45;56;58
11;15;20;21;44;45
11;15;20;21;45;58
11;15;20;21;39;45
11;20;21;44;45;58
11;20;21;39;44;45
11;20;21;39;45;58
15;20;21;44;45;58
15;20;21;39;44;45
15;20;21;39;45;58
20;21;39;44;45;58
11;15;21;44;45;56
11;15;21;45;56;58
11;15;21;39;45;56
11;21;44;45;56;58
11;21;39;44;45;56
11;21;39;45;56;58
15;21;44;45;56;58
15;21;39;44;45;56
15;21;39;45;56;58
21;39;44;45;56;58
11;15;21;44;45;58
11;15;21;39;44;45
11;15;21;39;45;58
11;21;39;44;45;58
15;21;39;44;45;58
11;15;20;21;51;56
11;20;21;44;51;56
11;20;21;51;56;58
11;20;21;39;51;56
15;20;21;44;51;56
15;20;21;51;56;58
15;20;21;39;51;56
20;21;44;51;56;58
20;21;39;44;51;56
20;21;39;51;56;58
11;15;20;21;44;51
11;15;20;21;51;58
11;15;20;21;39;51
11;20;21;44;51;58
11;20;21;39;44;51
11;20;21;39;51;58
15;20;21;44;51;58
15;20;21;39;44;51
15;20;21;39;51;58
20;21;39;44;51;58
11;15;21;44;51;56
11;15;21;51;56;58
11;15;21;39;51;56
11;21;44;51;56;58
11;21;39;44;51;56
11;21;39;51;56;58
15;21;44;51;56;58
15;21;39;44;51;56
15;21;39;51;56;58
21;39;44;51;56;58
11;15;21;44;51;58
11;15;21;39;44;51
11;15;21;39;51;58
11;21;39;44;51;58
15;21;39;44;51;58
11;15;20;21;44;56
11;15;20;21;56;58
11;15;20;21;39;56
11;20;21;44;56;58
11;20;21;39;44;56
11;20;21;39;56;58
15;20;21;44;56;58
15;20;21;39;44;56
15;20;21;39;56;58
20;21;39;44;56;58
11;15;20;21;44;58
11;15;20;21;39;44
11;15;20;21;39;58
11;20;21;39;44;58
15;20;21;39;44;58
11;15;21;44;56;58
11;15;21;39;44;56
11;15;21;39;56;58
11;21;39;44;56;58
15;21;39;44;56;58
11;15;21;39;44;58
4;19;22;31;45;57
4;19;22;31;51;57
4;19;20;22;31;57
4;19;22;31;56;57
4;11;19;22;31;57
4;15;19;22;31;57
4;19;22;31;44;57
4;19;22;31;57;58
4;19;22;31;39;57
4;19;31;45;51;57
4;19;20;31;45;57
4;19;31;45;56;57
4;11;19;31;45;57
4;15;19;31;45;57
4;19;31;44;45;57
4;19;31;45;57;58
4;19;31;39;45;57
4;19;20;31;51;57
4;19;31;51;56;57
4;11;19;31;51;57
4;15;19;31;51;57
4;19;31;44;51;57
4;19;31;51;57;58
4;19;31;39;51;57
4;19;20;31;56;57
4;11;19;20;31;57
4;15;19;20;31;57
4;19;20;31;44;57
4;19;20;31;57;58
4;19;20;31;39;57
4;11;19;31;56;57
4;15;19;31;56;57
4;19;31;44;56;57
4;19;31;56;57;58
4;19;31;39;56;57
4;11;15;19;31;57
4;11;19;31;44;57
4;11;19;31;57;58
4;11;19;31;39;57
4;15;19;31;44;57
4;15;19;31;57;58
4;15;19;31;39;57
4;19;31;44;57;58
4;19;31;39;44;57
4;19;31;39;57;58
19;22;31;45;51;57
19;20;22;31;45;57
19;22;31;45;56;57
11;19;22;31;45;57
15;19;22;31;45;57
19;22;31;44;45;57
19;22;31;45;57;58
19;22;31;39;45;57
19;20;22;31;51;57
19;22;31;51;56;57
11;19;22;31;51;57
15;19;22;31;51;57
19;22;31;44;51;57
19;22;31;51;57;58
19;22;31;39;51;57
19;20;22;31;56;57
11;19;20;22;31;57
15;19;20;22;31;57
19;20;22;31;44;57
19;20;22;31;57;58
19;20;22;31;39;57
11;19;22;31;56;57
15;19;22;31;56;57
19;22;31;44;56;57
19;22;31;56;57;58
19;22;31;39;56;57
11;15;19;22;31;57
11;19;22;31;44;57
11;19;22;31;57;58
11;19;22;31;39;57
15;19;22;31;44;57
15;19;22;31;57;58
15;19;22;31;39;57
19;22;31;44;57;58
19;22;31;39;44;57
19;22;31;39;57;58
19;20;31;45;51;57
19;31;45;51;56;57
11;19;31;45;51;57
15;19;31;45;51;57
19;31;44;45;51;57
19;31;45;51;57;58
19;31;39;45;51;57
19;20;31;45;56;57
11;19;20;31;45;57
15;19;20;31;45;57
19;20;31;44;45;57
19;20;31;45;57;58
19;20;31;39;45;57
11;19;31;45;56;57
15;19;31;45;56;57
19;31;44;45;56;57
19;31;45;56;57;58
19;31;39;45;56;57
11;15;19;31;45;57
11;19;31;44;45;57
11;19;31;45;57;58
11;19;31;39;45;57
15;19;31;44;45;57
15;19;31;45;57;58
15;19;31;39;45;57
19;31;44;45;57;58
19;31;39;44;45;57
19;31;39;45;57;58
19;20;31;51;56;57
11;19;20;31;51;57
15;19;20;31;51;57
19;20;31;44;51;57
19;20;31;51;57;58
19;20;31;39;51;57
11;19;31;51;56;57
15;19;31;51;56;57
19;31;44;51;56;57
19;31;51;56;57;58
19;31;39;51;56;57
11;15;19;31;51;57
11;19;31;44;51;57
11;19;31;51;57;58
11;19;31;39;51;57
15;19;31;44;51;57
15;19;31;51;57;58
15;19;31;39;51;57
19;31;44;51;57;58
19;31;39;44;51;57
19;31;39;51;57;58
11;19;20;31;56;57
15;19;20;31;56;57
19;20;31;44;56;57
19;20;31;56;57;58
19;20;31;39;56;57
11;15;19;20;31;57
11;19;20;31;44;57
11;19;20;31;57;58
11;19;20;31;39;57
15;19;20;31;44;57
15;19;20;31;57;58
15;19;20;31;39;57
19;20;31;44;57;58
19;20;31;39;44;57
19;20;31;39;57;58
11;15;19;31;56;57
11;19;31;44;56;57
11;19;31;56;57;58
11;19;31;39;56;57
15;19;31;44;56;57
15;19;31;56;57;58
15;19;31;39;56;57
19;31;44;56;57;58
19;31;39;44;56;57
19;31;39;56;57;58
11;15;19;31;44;57
11;15;19;31;57;58
11;15;19;31;39;57
11;19;31;44;57;58
11;19;31;39;44;57
11;19;31;39;57;58
15;19;31;44;57;58
15;19;31;39;44;57
15;19;31;39;57;58
19;31;39;44;57;58
4;22;31;45;51;57
4;20;22;31;45;57
4;22;31;45;56;57
4;11;22;31;45;57
4;15;22;31;45;57
4;22;31;44;45;57
4;22;31;45;57;58
4;22;31;39;45;57
4;20;22;31;51;57
4;22;31;51;56;57
4;11;22;31;51;57
4;15;22;31;51;57
4;22;31;44;51;57
4;22;31;51;57;58
4;22;31;39;51;57
4;20;22;31;56;57
4;11;20;22;31;57
4;15;20;22;31;57
4;20;22;31;44;57
4;20;22;31;57;58
4;20;22;31;39;57
4;11;22;31;56;57
4;15;22;31;56;57
4;22;31;44;56;57
4;22;31;56;57;58
4;22;31;39;56;57
4;11;15;22;31;57
4;11;22;31;44;57
4;11;22;31;57;58
4;11;22;31;39;57
4;15;22;31;44;57
4;15;22;31;57;58
4;15;22;31;39;57
4;22;31;44;57;58
4;22;31;39;44;57
4;22;31;39;57;58
4;20;31;45;51;57
4;31;45;51;56;57
4;11;31;45;51;57
4;15;31;45;51;57
4;31;44;45;51;57
4;31;45;51;57;58
4;31;39;45;51;57
4;20;31;45;56;57
4;11;20;31;45;57
4;15;20;31;45;57
4;20;31;44;45;57
4;20;31;45;57;58
4;20;31;39;45;57
4;11;31;45;56;57
4;15;31;45;56;57
4;31;44;45;56;57
4;31;45;56;57;58
4;31;39;45;56;57
4;11;15;31;45;57
4;11;31;44;45;57
4;11;31;45;57;58
4;11;31;39;45;57
4;15;31;44;45;57
4;15;31;45;57;58
4;15;31;39;45;57
4;31;44;45;57;58
4;31;39;44;45;57
4;31;39;45;57;58
4;20;31;51;56;57
4;11;20;31;51;57
4;15;20;31;51;57
4;20;31;44;51;57
4;20;31;51;57;58
4;20;31;39;51;57
4;11;31;51;56;57
4;15;31;51;56;57
4;31;44;51;56;57
4;31;51;56;57;58
4;31;39;51;56;57
4;11;15;31;51;57
4;11;31;44;51;57
4;11;31;51;57;58
4;11;31;39;51;57
4;15;31;44;51;57
4;15;31;51;57;58
4;15;31;39;51;57
4;31;44;51;57;58
4;31;39;44;51;57
4;31;39;51;57;58
4;11;20;31;56;57
4;15;20;31;56;57
4;20;31;44;56;57
4;20;31;56;57;58
4;20;31;39;56;57
4;11;15;20;31;57
4;11;20;31;44;57
4;11;20;31;57;58
4;11;20;31;39;57
4;15;20;31;44;57
4;15;20;31;57;58
4;15;20;31;39;57
4;20;31;44;57;58
4;20;31;39;44;57
4;20;31;39;57;58
4;11;15;31;56;57
4;11;31;44;56;57
4;11;31;56;57;58
4;11;31;39;56;57
4;15;31;44;56;57
4;15;31;56;57;58
4;15;31;39;56;57
4;31;44;56;57;58
4;31;39;44;56;57
4;31;39;56;57;58
4;11;15;31;44;57
4;11;15;31;57;58
4;11;15;31;39;57
4;11;31;44;57;58
4;11;31;39;44;57
4;11;31;39;57;58
4;15;31;44;57;58
4;15;31;39;44;57
4;15;31;39;57;58
4;31;39;44;57;58
20;22;31;45;51;57
22;31;45;51;56;57
11;22;31;45;51;57
15;22;31;45;51;57
22;31;44;45;51;57
22;31;45;51;57;58
22;31;39;45;51;57
20;22;31;45;56;57
11;20;22;31;45;57
15;20;22;31;45;57
20;22;31;44;45;57
20;22;31;45;57;58
20;22;31;39;45;57
11;22;31;45;56;57
15;22;31;45;56;57
22;31;44;45;56;57
22;31;45;56;57;58
22;31;39;45;56;57
11;15;22;31;45;57
11;22;31;44;45;57
11;22;31;45;57;58
11;22;31;39;45;57
15;22;31;44;45;57
15;22;31;45;57;58
15;22;31;39;45;57
22;31;44;45;57;58
22;31;39;44;45;57
22;31;39;45;57;58
20;22;31;51;56;57
11;20;22;31;51;57
15;20;22;31;51;57
20;22;31;44;51;57
20;22;31;51;57;58
20;22;31;39;51;57
11;22;31;51;56;57
15;22;31;51;56;57
22;31;44;51;56;57
22;31;51;56;57;58
22;31;39;51;56;57
11;15;22;31;51;57
11;22;31;44;51;57
11;22;31;51;57;58
11;22;31;39;51;57
15;22;31;44;51;57
15;22;31;51;57;58
15;22;31;39;51;57
22;31;44;51;57;58
22;31;39;44;51;57
22;31;39;51;57;58
11;20;22;31;56;57
15;20;22;31;56;57
20;22;31;44;56;57
20;22;31;56;57;58
20;22;31;39;56;57
11;15;20;22;31;57
11;20;22;31;44;57
11;20;22;31;57;58
11;20;22;31;39;57
15;20;22;31;44;57
15;20;22;31;57;58
15;20;22;31;39;57
20;22;31;44;57;58
20;22;31;39;44;57
20;22;31;39;57;58
11;15;22;31;56;57
11;22;31;44;56;57
11;22;31;56;57;58
11;22;31;39;56;57
15;22;31;44;56;57
15;22;31;56;57;58
15;22;31;39;56;57
22;31;44;56;57;58
22;31;39;44;56;57
22;31;39;56;57;58
11;15;22;31;44;57
11;15;22;31;57;58
11;15;22;31;39;57
11;22;31;44;57;58
11;22;31;39;44;57
11;22;31;39;57;58
15;22;31;44;57;58
15;22;31;39;44;57
15;22;31;39;57;58
22;31;39;44;57;58
20;31;45;51;56;57
11;20;31;45;51;57
15;20;31;45;51;57
20;31;44;45;51;57
20;31;45;51;57;58
20;31;39;45;51;57
11;31;45;51;56;57
15;31;45;51;56;57
31;44;45;51;56;57
31;45;51;56;57;58
31;39;45;51;56;57
11;15;31;45;51;57
11;31;44;45;51;57
11;31;45;51;57;58
11;31;39;45;51;57
15;31;44;45;51;57
15;31;45;51;57;58
15;31;39;45;51;57
31;44;45;51;57;58
31;39;44;45;51;57
31;39;45;51;57;58
11;20;31;45;56;57
15;20;31;45;56;57
20;31;44;45;56;57
20;31;45;56;57;58
20;31;39;45;56;57
11;15;20;31;45;57
11;20;31;44;45;57
11;20;31;45;57;58
11;20;31;39;45;57
15;20;31;44;45;57
15;20;31;45;57;58
15;20;31;39;45;57
20;31;44;45;57;58
20;31;39;44;45;57
20;31;39;45;57;58
11;15;31;45;56;57
11;31;44;45;56;57
11;31;45;56;57;58
11;31;39;45;56;57
15;31;44;45;56;57
15;31;45;56;57;58
15;31;39;45;56;57
31;44;45;56;57;58
31;39;44;45;56;57
31;39;45;56;57;58
11;15;31;44;45;57
11;15;31;45;57;58
11;15;31;39;45;57
11;31;44;45;57;58
11;31;39;44;45;57
11;31;39;45;57;58
15;31;44;45;57;58
15;31;39;44;45;57
15;31;39;45;57;58
31;39;44;45;57;58
11;20;31;51;56;57
15;20;31;51;56;57
20;31;44;51;56;57
20;31;51;56;57;58
20;31;39;51;56;57
11;15;20;31;51;57
11;20;31;44;51;57
11;20;31;51;57;58
11;20;31;39;51;57
15;20;31;44;51;57
15;20;31;51;57;58
15;20;31;39;51;57
20;31;44;51;57;58
20;31;39;44;51;57
20;31;39;51;57;58
11;15;31;51;56;57
11;31;44;51;56;57
11;31;51;56;57;58
11;31;39;51;56;57
15;31;44;51;56;57
15;31;51;56;57;58
15;31;39;51;56;57
31;44;51;56;57;58
31;39;44;51;56;57
31;39;51;56;57;58
11;15;31;44;51;57
11;15;31;51;57;58
11;15;31;39;51;57
11;31;44;51;57;58
11;31;39;44;51;57
11;31;39;51;57;58
15;31;44;51;57;58
15;31;39;44;51;57
15;31;39;51;57;58
31;39;44;51;57;58
11;15;20;31;56;57
11;20;31;44;56;57
11;20;31;56;57;58
11;20;31;39;56;57
15;20;31;44;56;57
15;20;31;56;57;58
15;20;31;39;56;57
20;31;44;56;57;58
20;31;39;44;56;57
20;31;39;56;57;58
11;15;20;31;44;57
11;15;20;31;57;58
11;15;20;31;39;57
11;20;31;44;57;58
11;20;31;39;44;57
11;20;31;39;57;58
15;20;31;44;57;58
15;20;31;39;44;57
15;20;31;39;57;58
20;31;39;44;57;58
11;15;31;44;56;57
11;15;31;56;57;58
11;15;31;39;56;57
11;31;44;56;57;58
11;31;39;44;56;57
11;31;39;56;57;58
15;31;44;56;57;58
15;31;39;44;56;57
15;31;39;56;57;58
31;39;44;56;57;58
11;15;31;44;57;58
11;15;31;39;44;57
11;15;31;39;57;58
11;31;39;44;57;58
15;31;39;44;57;58
4;19;22;31;45;51
4;19;20;22;31;45
4;19;22;31;45;56
4;11;19;22;31;45
4;15;19;22;31;45
4;19;22;31;44;45
4;19;22;31;45;58
4;19;22;31;39;45
4;19;20;22;31;51
4;19;22;31;51;56
4;11;19;22;31;51
4;15;19;22;31;51
4;19;22;31;44;51
4;19;22;31;51;58
4;19;22;31;39;51
4;19;20;22;31;56
4;11;19;20;22;31
4;15;19;20;22;31
4;19;20;22;31;44
4;19;20;22;31;58
4;19;20;22;31;39
4;11;19;22;31;56
4;15;19;22;31;56
4;19;22;31;44;56
4;19;22;31;56;58
4;19;22;31;39;56
4;11;15;19;22;31
4;11;19;22;31;44
4;11;19;22;31;58
4;11;19;22;31;39
4;15;19;22;31;44
4;15;19;22;31;58
4;15;19;22;31;39
4;19;22;31;44;58
4;19;22;31;39;44
4;19;22;31;39;58
4;19;20;31;45;51
4;19;31;45;51;56
4;11;19;31;45;51
4;15;19;31;45;51
4;19;31;44;45;51
4;19;31;45;51;58
4;19;31;39;45;51
4;19;20;31;45;56
4;11;19;20;31;45
4;15;19;20;31;45
4;19;20;31;44;45
4;19;20;31;45;58
4;19;20;31;39;45
4;11;19;31;45;56
4;15;19;31;45;56
4;19;31;44;45;56
4;19;31;45;56;58
4;19;31;39;45;56
4;11;15;19;31;45
4;11;19;31;44;45
4;11;19;31;45;58
4;11;19;31;39;45
4;15;19;31;44;45
4;15;19;31;45;58
4;15;19;31;39;45
4;19;31;44;45;58
4;19;31;39;44;45
4;19;31;39;45;58
4;19;20;31;51;56
4;11;19;20;31;51
4;15;19;20;31;51
4;19;20;31;44;51
4;19;20;31;51;58
4;19;20;31;39;51
4;11;19;31;51;56
4;15;19;31;51;56
4;19;31;44;51;56
4;19;31;51;56;58
4;19;31;39;51;56
4;11;15;19;31;51
4;11;19;31;44;51
4;11;19;31;51;58
4;11;19;31;39;51
4;15;19;31;44;51
4;15;19;31;51;58
4;15;19;31;39;51
4;19;31;44;51;58
4;19;31;39;44;51
4;19;31;39;51;58
4;11;19;20;31;56
4;15;19;20;31;56
4;19;20;31;44;56
4;19;20;31;56;58
4;19;20;31;39;56
4;11;15;19;20;31
4;11;19;20;31;44
4;11;19;20;31;58
4;11;19;20;31;39
4;15;19;20;31;44
4;15;19;20;31;58
4;15;19;20;31;39
4;19;20;31;44;58
4;19;20;31;39;44
4;19;20;31;39;58
4;11;15;19;31;56
4;11;19;31;44;56
4;11;19;31;56;58
4;11;19;31;39;56
4;15;19;31;44;56
4;15;19;31;56;58
4;15;19;31;39;56
4;19;31;44;56;58
4;19;31;39;44;56
4;19;31;39;56;58
4;11;15;19;31;44
4;11;15;19;31;58
4;11;15;19;31;39
4;11;19;31;44;58
4;11;19;31;39;44
4;11;19;31;39;58
4;15;19;31;44;58
4;15;19;31;39;44
4;15;19;31;39;58
4;19;31;39;44;58
19;20;22;31;45;51
19;22;31;45;51;56
11;19;22;31;45;51
15;19;22;31;45;51
19;22;31;44;45;51
19;22;31;45;51;58
19;22;31;39;45;51
19;20;22;31;45;56
11;19;20;22;31;45
15;19;20;22;31;45
19;20;22;31;44;45
19;20;22;31;45;58
19;20;22;31;39;45
11;19;22;31;45;56
15;19;22;31;45;56
19;22;31;44;45;56
19;22;31;45;56;58
19;22;31;39;45;56
11;15;19;22;31;45
11;19;22;31;44;45
11;19;22;31;45;58
11;19;22;31;39;45
15;19;22;31;44;45
15;19;22;31;45;58
15;19;22;31;39;45
19;22;31;44;45;58
19;22;31;39;44;45
19;22;31;39;45;58
19;20;22;31;51;56
11;19;20;22;31;51
15;19;20;22;31;51
19;20;22;31;44;51
19;20;22;31;51;58
19;20;22;31;39;51
11;19;22;31;51;56
15;19;22;31;51;56
19;22;31;44;51;56
19;22;31;51;56;58
19;22;31;39;51;56
11;15;19;22;31;51
11;19;22;31;44;51
11;19;22;31;51;58
11;19;22;31;39;51
15;19;22;31;44;51
15;19;22;31;51;58
15;19;22;31;39;51
19;22;31;44;51;58
19;22;31;39;44;51
19;22;31;39;51;58
11;19;20;22;31;56
15;19;20;22;31;56
19;20;22;31;44;56
19;20;22;31;56;58
19;20;22;31;39;56
11;15;19;20;22;31
11;19;20;22;31;44
11;19;20;22;31;58
11;19;20;22;31;39
15;19;20;22;31;44
15;19;20;22;31;58
15;19;20;22;31;39
19;20;22;31;44;58
19;20;22;31;39;44
19;20;22;31;39;58
11;15;19;22;31;56
11;19;22;31;44;56
11;19;22;31;56;58
11;19;22;31;39;56
15;19;22;31;44;56
15;19;22;31;56;58
15;19;22;31;39;56
19;22;31;44;56;58
19;22;31;39;44;56
19;22;31;39;56;58
11;15;19;22;31;44
11;15;19;22;31;58
11;15;19;22;31;39
11;19;22;31;44;58
11;19;22;31;39;44
11;19;22;31;39;58
15;19;22;31;44;58
15;19;22;31;39;44
15;19;22;31;39;58
19;22;31;39;44;58
19;20;31;45;51;56
11;19;20;31;45;51
15;19;20;31;45;51
19;20;31;44;45;51
19;20;31;45;51;58
19;20;31;39;45;51
11;19;31;45;51;56
15;19;31;45;51;56
19;31;44;45;51;56
19;31;45;51;56;58
19;31;39;45;51;56
11;15;19;31;45;51
11;19;31;44;45;51
11;19;31;45;51;58
11;19;31;39;45;51
15;19;31;44;45;51
15;19;31;45;51;58
15;19;31;39;45;51
19;31;44;45;51;58
19;31;39;44;45;51
19;31;39;45;51;58
11;19;20;31;45;56
15;19;20;31;45;56
19;20;31;44;45;56
19;20;31;45;56;58
19;20;31;39;45;56
11;15;19;20;31;45
11;19;20;31;44;45
11;19;20;31;45;58
11;19;20;31;39;45
15;19;20;31;44;45
15;19;20;31;45;58
15;19;20;31;39;45
19;20;31;44;45;58
19;20;31;39;44;45
19;20;31;39;45;58
11;15;19;31;45;56
11;19;31;44;45;56
11;19;31;45;56;58
11;19;31;39;45;56
15;19;31;44;45;56
15;19;31;45;56;58
15;19;31;39;45;56
19;31;44;45;56;58
19;31;39;44;45;56
19;31;39;45;56;58
11;15;19;31;44;45
11;15;19;31;45;58
11;15;19;31;39;45
11;19;31;44;45;58
11;19;31;39;44;45
11;19;31;39;45;58
15;19;31;44;45;58
15;19;31;39;44;45
15;19;31;39;45;58
19;31;39;44;45;58
11;19;20;31;51;56
15;19;20;31;51;56
19;20;31;44;51;56
19;20;31;51;56;58
19;20;31;39;51;56
11;15;19;20;31;51
11;19;20;31;44;51
11;19;20;31;51;58
11;19;20;31;39;51
15;19;20;31;44;51
15;19;20;31;51;58
15;19;20;31;39;51
19;20;31;44;51;58
19;20;31;39;44;51
19;20;31;39;51;58
11;15;19;31;51;56
11;19;31;44;51;56
11;19;31;51;56;58
11;19;31;39;51;56
15;19;31;44;51;56
15;19;31;51;56;58
15;19;31;39;51;56
19;31;44;51;56;58
19;31;39;44;51;56
19;31;39;51;56;58
11;15;19;31;44;51
11;15;19;31;51;58
11;15;19;31;39;51
11;19;31;44;51;58
11;19;31;39;44;51
11;19;31;39;51;58
15;19;31;44;51;58
15;19;31;39;44;51
15;19;31;39;51;58
19;31;39;44;51;58
11;15;19;20;31;56
11;19;20;31;44;56
11;19;20;31;56;58
11;19;20;31;39;56
15;19;20;31;44;56
15;19;20;31;56;58
15;19;20;31;39;56
19;20;31;44;56;58
19;20;31;39;44;56
19;20;31;39;56;58
11;15;19;20;31;44
11;15;19;20;31;58
11;15;19;20;31;39
11;19;20;31;44;58
11;19;20;31;39;44
11;19;20;31;39;58
15;19;20;31;44;58
15;19;20;31;39;44
15;19;20;31;39;58
19;20;31;39;44;58
11;15;19;31;44;56
11;15;19;31;56;58
11;15;19;31;39;56
11;19;31;44;56;58
11;19;31;39;44;56
11;19;31;39;56;58
15;19;31;44;56;58
15;19;31;39;44;56
15;19;31;39;56;58
19;31;39;44;56;58
11;15;19;31;44;58
11;15;19;31;39;44
11;15;19;31;39;58
11;19;31;39;44;58
15;19;31;39;44;58
4;20;22;31;45;51
4;22;31;45;51;56
4;11;22;31;45;51
4;15;22;31;45;51
4;22;31;44;45;51
4;22;31;45;51;58
4;22;31;39;45;51
4;20;22;31;45;56
4;11;20;22;31;45
4;15;20;22;31;45
4;20;22;31;44;45
4;20;22;31;45;58
4;20;22;31;39;45
4;11;22;31;45;56
4;15;22;31;45;56
4;22;31;44;45;56
4;22;31;45;56;58
4;22;31;39;45;56
4;11;15;22;31;45
4;11;22;31;44;45
4;11;22;31;45;58
4;11;22;31;39;45
4;15;22;31;44;45
4;15;22;31;45;58
4;15;22;31;39;45
4;22;31;44;45;58
4;22;31;39;44;45
4;22;31;39;45;58
4;20;22;31;51;56
4;11;20;22;31;51
4;15;20;22;31;51
4;20;22;31;44;51
4;20;22;31;51;58
4;20;22;31;39;51
4;11;22;31;51;56
4;15;22;31;51;56
4;22;31;44;51;56
4;22;31;51;56;58
4;22;31;39;51;56
4;11;15;22;31;51
4;11;22;31;44;51
4;11;22;31;51;58
4;11;22;31;39;51
4;15;22;31;44;51
4;15;22;31;51;58
4;15;22;31;39;51
4;22;31;44;51;58
4;22;31;39;44;51
4;22;31;39;51;58
4;11;20;22;31;56
4;15;20;22;31;56
4;20;22;31;44;56
4;20;22;31;56;58
4;20;22;31;39;56
4;11;15;20;22;31
4;11;20;22;31;44
4;11;20;22;31;58
4;11;20;22;31;39
4;15;20;22;31;44
4;15;20;22;31;58
4;15;20;22;31;39
4;20;22;31;44;58
4;20;22;31;39;44
4;20;22;31;39;58
4;11;15;22;31;56
4;11;22;31;44;56
4;11;22;31;56;58
4;11;22;31;39;56
4;15;22;31;44;56
4;15;22;31;56;58
4;15;22;31;39;56
4;22;31;44;56;58
4;22;31;39;44;56
4;22;31;39;56;58
4;11;15;22;31;44
4;11;15;22;31;58
4;11;15;22;31;39
4;11;22;31;44;58
4;11;22;31;39;44
4;11;22;31;39;58
4;15;22;31;44;58
4;15;22;31;39;44
4;15;22;31;39;58
4;22;31;39;44;58
4;20;31;45;51;56
4;11;20;31;45;51
4;15;20;31;45;51
4;20;31;44;45;51
4;20;31;45;51;58
4;20;31;39;45;51
4;11;31;45;51;56
4;15;31;45;51;56
4;31;44;45;51;56
4;31;45;51;56;58
4;31;39;45;51;56
4;11;15;31;45;51
4;11;31;44;45;51
4;11;31;45;51;58
4;11;31;39;45;51
4;15;31;44;45;51
4;15;31;45;51;58
4;15;31;39;45;51
4;31;44;45;51;58
4;31;39;44;45;51
4;31;39;45;51;58
4;11;20;31;45;56
4;15;20;31;45;56
4;20;31;44;45;56
4;20;31;45;56;58
4;20;31;39;45;56
4;11;15;20;31;45
4;11;20;31;44;45
4;11;20;31;45;58
4;11;20;31;39;45
4;15;20;31;44;45
4;15;20;31;45;58
4;15;20;31;39;45
4;20;31;44;45;58
4;20;31;39;44;45
4;20;31;39;45;58
4;11;15;31;45;56
4;11;31;44;45;56
4;11;31;45;56;58
4;11;31;39;45;56
4;15;31;44;45;56
4;15;31;45;56;58
4;15;31;39;45;56
4;31;44;45;56;58
4;31;39;44;45;56
4;31;39;45;56;58
4;11;15;31;44;45
4;11;15;31;45;58
4;11;15;31;39;45
4;11;31;44;45;58
4;11;31;39;44;45
4;11;31;39;45;58
4;15;31;44;45;58
4;15;31;39;44;45
4;15;31;39;45;58
4;31;39;44;45;58
4;11;20;31;51;56
4;15;20;31;51;56
4;20;31;44;51;56
4;20;31;51;56;58
4;20;31;39;51;56
4;11;15;20;31;51
4;11;20;31;44;51
4;11;20;31;51;58
4;11;20;31;39;51
4;15;20;31;44;51
4;15;20;31;51;58
4;15;20;31;39;51
4;20;31;44;51;58
4;20;31;39;44;51
4;20;31;39;51;58
4;11;15;31;51;56
4;11;31;44;51;56
4;11;31;51;56;58
4;11;31;39;51;56
4;15;31;44;51;56
4;15;31;51;56;58
4;15;31;39;51;56
4;31;44;51;56;58
4;31;39;44;51;56
4;31;39;51;56;58
4;11;15;31;44;51
4;11;15;31;51;58
4;11;15;31;39;51
4;11;31;44;51;58
4;11;31;39;44;51
4;11;31;39;51;58
4;15;31;44;51;58
4;15;31;39;44;51
4;15;31;39;51;58
4;31;39;44;51;58
4;11;15;20;31;56
4;11;20;31;44;56
4;11;20;31;56;58
4;11;20;31;39;56
4;15;20;31;44;56
4;15;20;31;56;58
4;15;20;31;39;56
4;20;31;44;56;58
4;20;31;39;44;56
4;20;31;39;56;58
4;11;15;20;31;44
4;11;15;20;31;58
4;11;15;20;31;39
4;11;20;31;44;58
4;11;20;31;39;44
4;11;20;31;39;58
4;15;20;31;44;58
4;15;20;31;39;44
4;15;20;31;39;58
4;20;31;39;44;58
4;11;15;31;44;56
4;11;15;31;56;58
4;11;15;31;39;56
4;11;31;44;56;58
4;11;31;39;44;56
4;11;31;39;56;58
4;15;31;44;56;58
4;15;31;39;44;56
4;15;31;39;56;58
4;31;39;44;56;58
4;11;15;31;44;58
4;11;15;31;39;44
4;11;15;31;39;58
4;11;31;39;44;58
4;15;31;39;44;58
20;22;31;45;51;56
11;20;22;31;45;51
15;20;22;31;45;51
20;22;31;44;45;51
20;22;31;45;51;58
20;22;31;39;45;51
11;22;31;45;51;56
15;22;31;45;51;56
22;31;44;45;51;56
22;31;45;51;56;58
22;31;39;45;51;56
11;15;22;31;45;51
11;22;31;44;45;51
11;22;31;45;51;58
11;22;31;39;45;51
15;22;31;44;45;51
15;22;31;45;51;58
15;22;31;39;45;51
22;31;44;45;51;58
22;31;39;44;45;51
22;31;39;45;51;58
11;20;22;31;45;56
15;20;22;31;45;56
20;22;31;44;45;56
20;22;31;45;56;58
20;22;31;39;45;56
11;15;20;22;31;45
11;20;22;31;44;45
11;20;22;31;45;58
11;20;22;31;39;45
15;20;22;31;44;45
15;20;22;31;45;58
15;20;22;31;39;45
20;22;31;44;45;58
20;22;31;39;44;45
20;22;31;39;45;58
11;15;22;31;45;56
11;22;31;44;45;56
11;22;31;45;56;58
11;22;31;39;45;56
15;22;31;44;45;56
15;22;31;45;56;58
15;22;31;39;45;56
22;31;44;45;56;58
22;31;39;44;45;56
22;31;39;45;56;58
11;15;22;31;44;45
11;15;22;31;45;58
11;15;22;31;39;45
11;22;31;44;45;58
11;22;31;39;44;45
11;22;31;39;45;58
15;22;31;44;45;58
15;22;31;39;44;45
15;22;31;39;45;58
22;31;39;44;45;58
11;20;22;31;51;56
15;20;22;31;51;56
20;22;31;44;51;56
20;22;31;51;56;58
20;22;31;39;51;56
11;15;20;22;31;51
11;20;22;31;44;51
11;20;22;31;51;58
11;20;22;31;39;51
15;20;22;31;44;51
15;20;22;31;51;58
15;20;22;31;39;51
20;22;31;44;51;58
20;22;31;39;44;51
20;22;31;39;51;58
11;15;22;31;51;56
11;22;31;44;51;56
11;22;31;51;56;58
11;22;31;39;51;56
15;22;31;44;51;56
15;22;31;51;56;58
15;22;31;39;51;56
22;31;44;51;56;58
22;31;39;44;51;56
22;31;39;51;56;58
11;15;22;31;44;51
11;15;22;31;51;58
11;15;22;31;39;51
11;22;31;44;51;58
11;22;31;39;44;51
11;22;31;39;51;58
15;22;31;44;51;58
15;22;31;39;44;51
15;22;31;39;51;58
22;31;39;44;51;58
11;15;20;22;31;56
11;20;22;31;44;56
11;20;22;31;56;58
11;20;22;31;39;56
15;20;22;31;44;56
15;20;22;31;56;58
15;20;22;31;39;56
20;22;31;44;56;58
20;22;31;39;44;56
20;22;31;39;56;58
11;15;20;22;31;44
11;15;20;22;31;58
11;15;20;22;31;39
11;20;22;31;44;58
11;20;22;31;39;44
11;20;22;31;39;58
15;20;22;31;44;58
15;20;22;31;39;44
15;20;22;31;39;58
20;22;31;39;44;58
11;15;22;31;44;56
11;15;22;31;56;58
11;15;22;31;39;56
11;22;31;44;56;58
11;22;31;39;44;56
11;22;31;39;56;58
15;22;31;44;56;58
15;22;31;39;44;56
15;22;31;39;56;58
22;31;39;44;56;58
11;15;22;31;44;58
11;15;22;31;39;44
11;15;22;31;39;58
11;22;31;39;44;58
15;22;31;39;44;58
11;20;31;45;51;56
15;20;31;45;51;56
20;31;44;45;51;56
20;31;45;51;56;58
20;31;39;45;51;56
11;15;20;31;45;51
11;20;31;44;45;51
11;20;31;45;51;58
11;20;31;39;45;51
15;20;31;44;45;51
15;20;31;45;51;58
15;20;31;39;45;51
20;31;44;45;51;58
20;31;39;44;45;51
20;31;39;45;51;58
11;15;31;45;51;56
11;31;44;45;51;56
11;31;45;51;56;58
11;31;39;45;51;56
15;31;44;45;51;56
15;31;45;51;56;58
15;31;39;45;51;56
31;44;45;51;56;58
31;39;44;45;51;56
31;39;45;51;56;58
11;15;31;44;45;51
11;15;31;45;51;58
11;15;31;39;45;51
11;31;44;45;51;58
11;31;39;44;45;51
11;31;39;45;51;58
15;31;44;45;51;58
15;31;39;44;45;51
15;31;39;45;51;58
31;39;44;45;51;58
11;15;20;31;45;56
11;20;31;44;45;56
11;20;31;45;56;58
11;20;31;39;45;56
15;20;31;44;45;56
15;20;31;45;56;58
15;20;31;39;45;56
20;31;44;45;56;58
20;31;39;44;45;56
20;31;39;45;56;58
11;15;20;31;44;45
11;15;20;31;45;58
11;15;20;31;39;45
11;20;31;44;45;58
11;20;31;39;44;45
11;20;31;39;45;58
15;20;31;44;45;58
15;20;31;39;44;45
15;20;31;39;45;58
20;31;39;44;45;58
11;15;31;44;45;56
11;15;31;45;56;58
11;15;31;39;45;56
11;31;44;45;56;58
11;31;39;44;45;56
11;31;39;45;56;58
15;31;44;45;56;58
15;31;39;44;45;56
15;31;39;45;56;58
31;39;44;45;56;58
11;15;31;44;45;58
11;15;31;39;44;45
11;15;31;39;45;58
11;31;39;44;45;58
15;31;39;44;45;58
11;15;20;31;51;56
11;20;31;44;51;56
11;20;31;51;56;58
11;20;31;39;51;56
15;20;31;44;51;56
15;20;31;51;56;58
15;20;31;39;51;56
20;31;44;51;56;58
20;31;39;44;51;56
20;31;39;51;56;58
11;15;20;31;44;51
11;15;20;31;51;58
11;15;20;31;39;51
11;20;31;44;51;58
11;20;31;39;44;51
11;20;31;39;51;58
15;20;31;44;51;58
15;20;31;39;44;51
15;20;31;39;51;58
20;31;39;44;51;58
11;15;31;44;51;56
11;15;31;51;56;58
11;15;31;39;51;56
11;31;44;51;56;58
11;31;39;44;51;56
11;31;39;51;56;58
15;31;44;51;56;58
15;31;39;44;51;56
15;31;39;51;56;58
31;39;44;51;56;58
11;15;31;44;51;58
11;15;31;39;44;51
11;15;31;39;51;58
11;31;39;44;51;58
15;31;39;44;51;58
11;15;20;31;44;56
11;15;20;31;56;58
11;15;20;31;39;56
11;20;31;44;56;58
11;20;31;39;44;56
11;20;31;39;56;58
15;20;31;44;56;58
15;20;31;39;44;56
15;20;31;39;56;58
20;31;39;44;56;58
11;15;20;31;44;58
11;15;20;31;39;44
11;15;20;31;39;58
11;20;31;39;44;58
15;20;31;39;44;58
11;15;31;44;56;58
11;15;31;39;44;56
11;15;31;39;56;58
11;31;39;44;56;58
15;31;39;44;56;58
11;15;31;39;44;58
4;19;22;45;51;57
4;19;20;22;45;57
4;19;22;45;56;57
4;11;19;22;45;57
4;15;19;22;45;57
4;19;22;44;45;57
4;19;22;45;57;58
4;19;22;39;45;57
4;19;20;22;51;57
4;19;22;51;56;57
4;11;19;22;51;57
4;15;19;22;51;57
4;19;22;44;51;57
4;19;22;51;57;58
4;19;22;39;51;57
4;19;20;22;56;57
4;11;19;20;22;57
4;15;19;20;22;57
4;19;20;22;44;57
4;19;20;22;57;58
4;19;20;22;39;57
4;11;19;22;56;57
4;15;19;22;56;57
4;19;22;44;56;57
4;19;22;56;57;58
4;19;22;39;56;57
4;11;15;19;22;57
4;11;19;22;44;57
4;11;19;22;57;58
4;11;19;22;39;57
4;15;19;22;44;57
4;15;19;22;57;58
4;15;19;22;39;57
4;19;22;44;57;58
4;19;22;39;44;57
4;19;22;39;57;58
4;19;20;45;51;57
4;19;45;51;56;57
4;11;19;45;51;57
4;15;19;45;51;57
4;19;44;45;51;57
4;19;45;51;57;58
4;19;39;45;51;57
4;19;20;45;56;57
4;11;19;20;45;57
4;15;19;20;45;57
4;19;20;44;45;57
4;19;20;45;57;58
4;19;20;39;45;57
4;11;19;45;56;57
4;15;19;45;56;57
4;19;44;45;56;57
4;19;45;56;57;58
4;19;39;45;56;57
4;11;15;19;45;57
4;11;19;44;45;57
4;11;19;45;57;58
4;11;19;39;45;57
4;15;19;44;45;57
4;15;19;45;57;58
4;15;19;39;45;57
4;19;44;45;57;58
4;19;39;44;45;57
4;19;39;45;57;58
4;19;20;51;56;57
4;11;19;20;51;57
4;15;19;20;51;57
4;19;20;44;51;57
4;19;20;51;57;58
4;19;20;39;51;57
4;11;19;51;56;57
4;15;19;51;56;57
4;19;44;51;56;57
4;19;51;56;57;58
4;19;39;51;56;57
4;11;15;19;51;57
4;11;19;44;51;57
4;11;19;51;57;58
4;11;19;39;51;57
4;15;19;44;51;57
4;15;19;51;57;58
4;15;19;39;51;57
4;19;44;51;57;58
4;19;39;44;51;57
4;19;39;51;57;58
4;11;19;20;56;57
4;15;19;20;56;57
4;19;20;44;56;57
4;19;20;56;57;58
4;19;20;39;56;57
4;11;15;19;20;57
4;11;19;20;44;57
4;11;19;20;57;58
4;11;19;20;39;57
4;15;19;20;44;57
4;15;19;20;57;58
4;15;19;20;39;57
4;19;20;44;57;58
4;19;20;39;44;57
4;19;20;39;57;58
4;11;15;19;56;57
4;11;19;44;56;57
4;11;19;56;57;58
4;11;19;39;56;57
4;15;19;44;56;57
4;15;19;56;57;58
4;15;19;39;56;57
4;19;44;56;57;58
4;19;39;44;56;57
4;19;39;56;57;58
4;11;15;19;44;57
4;11;15;19;57;58
4;11;15;19;39;57
4;11;19;44;57;58
4;11;19;39;44;57
4;11;19;39;57;58
4;15;19;44;57;58
4;15;19;39;44;57
4;15;19;39;57;58
4;19;39;44;57;58
19;20;22;45;51;57
19;22;45;51;56;57
11;19;22;45;51;57
15;19;22;45;51;57
19;22;44;45;51;57
19;22;45;51;57;58
19;22;39;45;51;57
19;20;22;45;56;57
11;19;20;22;45;57
15;19;20;22;45;57
19;20;22;44;45;57
19;20;22;45;57;58
19;20;22;39;45;57
11;19;22;45;56;57
15;19;22;45;56;57
19;22;44;45;56;57
19;22;45;56;57;58
19;22;39;45;56;57
11;15;19;22;45;57
11;19;22;44;45;57
11;19;22;45;57;58
11;19;22;39;45;57
15;19;22;44;45;57
15;19;22;45;57;58
15;19;22;39;45;57
19;22;44;45;57;58
19;22;39;44;45;57
19;22;39;45;57;58
19;20;22;51;56;57
11;19;20;22;51;57
15;19;20;22;51;57
19;20;22;44;51;57
19;20;22;51;57;58
19;20;22;39;51;57
11;19;22;51;56;57
15;19;22;51;56;57
19;22;44;51;56;57
19;22;51;56;57;58
19;22;39;51;56;57
11;15;19;22;51;57
11;19;22;44;51;57
11;19;22;51;57;58
11;19;22;39;51;57
15;19;22;44;51;57
15;19;22;51;57;58
15;19;22;39;51;57
19;22;44;51;57;58
19;22;39;44;51;57
19;22;39;51;57;58
11;19;20;22;56;57
15;19;20;22;56;57
19;20;22;44;56;57
19;20;22;56;57;58
19;20;22;39;56;57
11;15;19;20;22;57
11;19;20;22;44;57
11;19;20;22;57;58
11;19;20;22;39;57
15;19;20;22;44;57
15;19;20;22;57;58
15;19;20;22;39;57
19;20;22;44;57;58
19;20;22;39;44;57
19;20;22;39;57;58
11;15;19;22;56;57
11;19;22;44;56;57
11;19;22;56;57;58
11;19;22;39;56;57
15;19;22;44;56;57
15;19;22;56;57;58
15;19;22;39;56;57
19;22;44;56;57;58
19;22;39;44;56;57
19;22;39;56;57;58
11;15;19;22;44;57
11;15;19;22;57;58
11;15;19;22;39;57
11;19;22;44;57;58
11;19;22;39;44;57
11;19;22;39;57;58
15;19;22;44;57;58
15;19;22;39;44;57
15;19;22;39;57;58
19;22;39;44;57;58
19;20;45;51;56;57
11;19;20;45;51;57
15;19;20;45;51;57
19;20;44;45;51;57
19;20;45;51;57;58
19;20;39;45;51;57
11;19;45;51;56;57
15;19;45;51;56;57
19;44;45;51;56;57
19;45;51;56;57;58
19;39;45;51;56;57
11;15;19;45;51;57
11;19;44;45;51;57
11;19;45;51;57;58
11;19;39;45;51;57
15;19;44;45;51;57
15;19;45;51;57;58
15;19;39;45;51;57
19;44;45;51;57;58
19;39;44;45;51;57
19;39;45;51;57;58
11;19;20;45;56;57
15;19;20;45;56;57
19;20;44;45;56;57
19;20;45;56;57;58
19;20;39;45;56;57
11;15;19;20;45;57
11;19;20;44;45;57
11;19;20;45;57;58
11;19;20;39;45;57
15;19;20;44;45;57
15;19;20;45;57;58
15;19;20;39;45;57
19;20;44;45;57;58
19;20;39;44;45;57
19;20;39;45;57;58
11;15;19;45;56;57
11;19;44;45;56;57
11;19;45;56;57;58
11;19;39;45;56;57
15;19;44;45;56;57
15;19;45;56;57;58
15;19;39;45;56;57
19;44;45;56;57;58
19;39;44;45;56;57
19;39;45;56;57;58
11;15;19;44;45;57
11;15;19;45;57;58
11;15;19;39;45;57
11;19;44;45;57;58
11;19;39;44;45;57
11;19;39;45;57;58
15;19;44;45;57;58
15;19;39;44;45;57
15;19;39;45;57;58
19;39;44;45;57;58
11;19;20;51;56;57
15;19;20;51;56;57
19;20;44;51;56;57
19;20;51;56;57;58
19;20;39;51;56;57
11;15;19;20;51;57
11;19;20;44;51;57
11;19;20;51;57;58
11;19;20;39;51;57
15;19;20;44;51;57
15;19;20;51;57;58
15;19;20;39;51;57
19;20;44;51;57;58
19;20;39;44;51;57
19;20;39;51;57;58
11;15;19;51;56;57
11;19;44;51;56;57
11;19;51;56;57;58
11;19;39;51;56;57
15;19;44;51;56;57
15;19;51;56;57;58
15;19;39;51;56;57
19;44;51;56;57;58
19;39;44;51;56;57
19;39;51;56;57;58
11;15;19;44;51;57
11;15;19;51;57;58
11;15;19;39;51;57
11;19;44;51;57;58
11;19;39;44;51;57
11;19;39;51;57;58
15;19;44;51;57;58
15;19;39;44;51;57
15;19;39;51;57;58
19;39;44;51;57;58
11;15;19;20;56;57
11;19;20;44;56;57
11;19;20;56;57;58
11;19;20;39;56;57
15;19;20;44;56;57
15;19;20;56;57;58
15;19;20;39;56;57
19;20;44;56;57;58
19;20;39;44;56;57
19;20;39;56;57;58
11;15;19;20;44;57
11;15;19;20;57;58
11;15;19;20;39;57
11;19;20;44;57;58
11;19;20;39;44;57
11;19;20;39;57;58
15;19;20;44;57;58
15;19;20;39;44;57
15;19;20;39;57;58
19;20;39;44;57;58
11;15;19;44;56;57
11;15;19;56;57;58
11;15;19;39;56;57
11;19;44;56;57;58
11;19;39;44;56;57
11;19;39;56;57;58
15;19;44;56;57;58
15;19;39;44;56;57
15;19;39;56;57;58
19;39;44;56;57;58
11;15;19;44;57;58
11;15;19;39;44;57
11;15;19;39;57;58
11;19;39;44;57;58
15;19;39;44;57;58
4;20;22;45;51;57
4;22;45;51;56;57
4;11;22;45;51;57
4;15;22;45;51;57
4;22;44;45;51;57
4;22;45;51;57;58
4;22;39;45;51;57
4;20;22;45;56;57
4;11;20;22;45;57
4;15;20;22;45;57
4;20;22;44;45;57
4;20;22;45;57;58
4;20;22;39;45;57
4;11;22;45;56;57
4;15;22;45;56;57
4;22;44;45;56;57
4;22;45;56;57;58
4;22;39;45;56;57
4;11;15;22;45;57
4;11;22;44;45;57
4;11;22;45;57;58
4;11;22;39;45;57
4;15;22;44;45;57
4;15;22;45;57;58
4;15;22;39;45;57
4;22;44;45;57;58
4;22;39;44;45;57
4;22;39;45;57;58
4;20;22;51;56;57
4;11;20;22;51;57
4;15;20;22;51;57
4;20;22;44;51;57
4;20;22;51;57;58
4;20;22;39;51;57
4;11;22;51;56;57
4;15;22;51;56;57
4;22;44;51;56;57
4;22;51;56;57;58
4;22;39;51;56;57
4;11;15;22;51;57
4;11;22;44;51;57
4;11;22;51;57;58
4;11;22;39;51;57
4;15;22;44;51;57
4;15;22;51;57;58
4;15;22;39;51;57
4;22;44;51;57;58
4;22;39;44;51;57
4;22;39;51;57;58
4;11;20;22;56;57
4;15;20;22;56;57
4;20;22;44;56;57
4;20;22;56;57;58
4;20;22;39;56;57
4;11;15;20;22;57
4;11;20;22;44;57
4;11;20;22;57;58
4;11;20;22;39;57
4;15;20;22;44;57
4;15;20;22;57;58
4;15;20;22;39;57
4;20;22;44;57;58
4;20;22;39;44;57
4;20;22;39;57;58
4;11;15;22;56;57
4;11;22;44;56;57
4;11;22;56;57;58
4;11;22;39;56;57
4;15;22;44;56;57
4;15;22;56;57;58
4;15;22;39;56;57
4;22;44;56;57;58
4;22;39;44;56;57
4;22;39;56;57;58
4;11;15;22;44;57
4;11;15;22;57;58
4;11;15;22;39;57
4;11;22;44;57;58
4;11;22;39;44;57
4;11;22;39;57;58
4;15;22;44;57;58
4;15;22;39;44;57
4;15;22;39;57;58
4;22;39;44;57;58
4;20;45;51;56;57
4;11;20;45;51;57
4;15;20;45;51;57
4;20;44;45;51;57
4;20;45;51;57;58
4;20;39;45;51;57
4;11;45;51;56;57
4;15;45;51;56;57
4;44;45;51;56;57
4;45;51;56;57;58
4;39;45;51;56;57
4;11;15;45;51;57
4;11;44;45;51;57
4;11;45;51;57;58
4;11;39;45;51;57
4;15;44;45;51;57
4;15;45;51;57;58
4;15;39;45;51;57
4;44;45;51;57;58
4;39;44;45;51;57
4;39;45;51;57;58
4;11;20;45;56;57
4;15;20;45;56;57
4;20;44;45;56;57
4;20;45;56;57;58
4;20;39;45;56;57
4;11;15;20;45;57
4;11;20;44;45;57
4;11;20;45;57;58
4;11;20;39;45;57
4;15;20;44;45;57
4;15;20;45;57;58
4;15;20;39;45;57
4;20;44;45;57;58
4;20;39;44;45;57
4;20;39;45;57;58
4;11;15;45;56;57
4;11;44;45;56;57
4;11;45;56;57;58
4;11;39;45;56;57
4;15;44;45;56;57
4;15;45;56;57;58
4;15;39;45;56;57
4;44;45;56;57;58
4;39;44;45;56;57
4;39;45;56;57;58
4;11;15;44;45;57
4;11;15;45;57;58
4;11;15;39;45;57
4;11;44;45;57;58
4;11;39;44;45;57
4;11;39;45;57;58
4;15;44;45;57;58
4;15;39;44;45;57
4;15;39;45;57;58
4;39;44;45;57;58
4;11;20;51;56;57
4;15;20;51;56;57
4;20;44;51;56;57
4;20;51;56;57;58
4;20;39;51;56;57
4;11;15;20;51;57
4;11;20;44;51;57
4;11;20;51;57;58
4;11;20;39;51;57
4;15;20;44;51;57
4;15;20;51;57;58
4;15;20;39;51;57
4;20;44;51;57;58
4;20;39;44;51;57
4;20;39;51;57;58
4;11;15;51;56;57
4;11;44;51;56;57
4;11;51;56;57;58
4;11;39;51;56;57
4;15;44;51;56;57
4;15;51;56;57;58
4;15;39;51;56;57
4;44;51;56;57;58
4;39;44;51;56;57
4;39;51;56;57;58
4;11;15;44;51;57
4;11;15;51;57;58
4;11;15;39;51;57
4;11;44;51;57;58
4;11;39;44;51;57
4;11;39;51;57;58
4;15;44;51;57;58
4;15;39;44;51;57
4;15;39;51;57;58
4;39;44;51;57;58
4;11;15;20;56;57
4;11;20;44;56;57
4;11;20;56;57;58
4;11;20;39;56;57
4;15;20;44;56;57
4;15;20;56;57;58
4;15;20;39;56;57
4;20;44;56;57;58
4;20;39;44;56;57
4;20;39;56;57;58
4;11;15;20;44;57
4;11;15;20;57;58
4;11;15;20;39;57
4;11;20;44;57;58
4;11;20;39;44;57
4;11;20;39;57;58
4;15;20;44;57;58
4;15;20;39;44;57
4;15;20;39;57;58
4;20;39;44;57;58
4;11;15;44;56;57
4;11;15;56;57;58
4;11;15;39;56;57
4;11;44;56;57;58
4;11;39;44;56;57
4;11;39;56;57;58
4;15;44;56;57;58
4;15;39;44;56;57
4;15;39;56;57;58
4;39;44;56;57;58
4;11;15;44;57;58
4;11;15;39;44;57
4;11;15;39;57;58
4;11;39;44;57;58
4;15;39;44;57;58
20;22;45;51;56;57
11;20;22;45;51;57
15;20;22;45;51;57
20;22;44;45;51;57
20;22;45;51;57;58
20;22;39;45;51;57
11;22;45;51;56;57
15;22;45;51;56;57
22;44;45;51;56;57
22;45;51;56;57;58
22;39;45;51;56;57
11;15;22;45;51;57
11;22;44;45;51;57
11;22;45;51;57;58
11;22;39;45;51;57
15;22;44;45;51;57
15;22;45;51;57;58
15;22;39;45;51;57
22;44;45;51;57;58
22;39;44;45;51;57
22;39;45;51;57;58
11;20;22;45;56;57
15;20;22;45;56;57
20;22;44;45;56;57
20;22;45;56;57;58
20;22;39;45;56;57
11;15;20;22;45;57
11;20;22;44;45;57
11;20;22;45;57;58
11;20;22;39;45;57
15;20;22;44;45;57
15;20;22;45;57;58
15;20;22;39;45;57
20;22;44;45;57;58
20;22;39;44;45;57
20;22;39;45;57;58
11;15;22;45;56;57
11;22;44;45;56;57
11;22;45;56;57;58
11;22;39;45;56;57
15;22;44;45;56;57
15;22;45;56;57;58
15;22;39;45;56;57
22;44;45;56;57;58
22;39;44;45;56;57
22;39;45;56;57;58
11;15;22;44;45;57
11;15;22;45;57;58
11;15;22;39;45;57
11;22;44;45;57;58
11;22;39;44;45;57
11;22;39;45;57;58
15;22;44;45;57;58
15;22;39;44;45;57
15;22;39;45;57;58
22;39;44;45;57;58
11;20;22;51;56;57
15;20;22;51;56;57
20;22;44;51;56;57
20;22;51;56;57;58
20;22;39;51;56;57
11;15;20;22;51;57
11;20;22;44;51;57
11;20;22;51;57;58
11;20;22;39;51;57
15;20;22;44;51;57
15;20;22;51;57;58
15;20;22;39;51;57
20;22;44;51;57;58
20;22;39;44;51;57
20;22;39;51;57;58
11;15;22;51;56;57
11;22;44;51;56;57
11;22;51;56;57;58
11;22;39;51;56;57
15;22;44;51;56;57
15;22;51;56;57;58
15;22;39;51;56;57
22;44;51;56;57;58
22;39;44;51;56;57
22;39;51;56;57;58
11;15;22;44;51;57
11;15;22;51;57;58
11;15;22;39;51;57
11;22;44;51;57;58
11;22;39;44;51;57
11;22;39;51;57;58
15;22;44;51;57;58
15;22;39;44;51;57
15;22;39;51;57;58
22;39;44;51;57;58
11;15;20;22;56;57
11;20;22;44;56;57
11;20;22;56;57;58
11;20;22;39;56;57
15;20;22;44;56;57
15;20;22;56;57;58
15;20;22;39;56;57
20;22;44;56;57;58
20;22;39;44;56;57
20;22;39;56;57;58
11;15;20;22;44;57
11;15;20;22;57;58
11;15;20;22;39;57
11;20;22;44;57;58
11;20;22;39;44;57
11;20;22;39;57;58
15;20;22;44;57;58
15;20;22;39;44;57
15;20;22;39;57;58
20;22;39;44;57;58
11;15;22;44;56;57
11;15;22;56;57;58
11;15;22;39;56;57
11;22;44;56;57;58
11;22;39;44;56;57
11;22;39;56;57;58
15;22;44;56;57;58
15;22;39;44;56;57
15;22;39;56;57;58
22;39;44;56;57;58
11;15;22;44;57;58
11;15;22;39;44;57
11;15;22;39;57;58
11;22;39;44;57;58
15;22;39;44;57;58
11;20;45;51;56;57
15;20;45;51;56;57
20;44;45;51;56;57
20;45;51;56;57;58
20;39;45;51;56;57
11;15;20;45;51;57
11;20;44;45;51;57
11;20;45;51;57;58
11;20;39;45;51;57
15;20;44;45;51;57
15;20;45;51;57;58
15;20;39;45;51;57
20;44;45;51;57;58
20;39;44;45;51;57
20;39;45;51;57;58
11;15;45;51;56;57
11;44;45;51;56;57
11;45;51;56;57;58
11;39;45;51;56;57
15;44;45;51;56;57
15;45;51;56;57;58
15;39;45;51;56;57
44;45;51;56;57;58
39;44;45;51;56;57
39;45;51;56;57;58
11;15;44;45;51;57
11;15;45;51;57;58
11;15;39;45;51;57
11;44;45;51;57;58
11;39;44;45;51;57
11;39;45;51;57;58
15;44;45;51;57;58
15;39;44;45;51;57
15;39;45;51;57;58
39;44;45;51;57;58
11;15;20;45;56;57
11;20;44;45;56;57
11;20;45;56;57;58
11;20;39;45;56;57
15;20;44;45;56;57
15;20;45;56;57;58
15;20;39;45;56;57
20;44;45;56;57;58
20;39;44;45;56;57
20;39;45;56;57;58
11;15;20;44;45;57
11;15;20;45;57;58
11;15;20;39;45;57
11;20;44;45;57;58
11;20;39;44;45;57
11;20;39;45;57;58
15;20;44;45;57;58
15;20;39;44;45;57
15;20;39;45;57;58
20;39;44;45;57;58
11;15;44;45;56;57
11;15;45;56;57;58
11;15;39;45;56;57
11;44;45;56;57;58
11;39;44;45;56;57
11;39;45;56;57;58
15;44;45;56;57;58
15;39;44;45;56;57
15;39;45;56;57;58
39;44;45;56;57;58
11;15;44;45;57;58
11;15;39;44;45;57
11;15;39;45;57;58
11;39;44;45;57;58
15;39;44;45;57;58
11;15;20;51;56;57
11;20;44;51;56;57
11;20;51;56;57;58
11;20;39;51;56;57
15;20;44;51;56;57
15;20;51;56;57;58
15;20;39;51;56;57
20;44;51;56;57;58
20;39;44;51;56;57
20;39;51;56;57;58
11;15;20;44;51;57
11;15;20;51;57;58
11;15;20;39;51;57
11;20;44;51;57;58
11;20;39;44;51;57
11;20;39;51;57;58
15;20;44;51;57;58
15;20;39;44;51;57
15;20;39;51;57;58
20;39;44;51;57;58
11;15;44;51;56;57
11;15;51;56;57;58
11;15;39;51;56;57
11;44;51;56;57;58
11;39;44;51;56;57
11;39;51;56;57;58
15;44;51;56;57;58
15;39;44;51;56;57
15;39;51;56;57;58
39;44;51;56;57;58
11;15;44;51;57;58
11;15;39;44;51;57
11;15;39;51;57;58
11;39;44;51;57;58
15;39;44;51;57;58
11;15;20;44;56;57
11;15;20;56;57;58
11;15;20;39;56;57
11;20;44;56;57;58
11;20;39;44;56;57
11;20;39;56;57;58
15;20;44;56;57;58
15;20;39;44;56;57
15;20;39;56;57;58
20;39;44;56;57;58
11;15;20;44;57;58
11;15;20;39;44;57
11;15;20;39;57;58
11;20;39;44;57;58
15;20;39;44;57;58
11;15;44;56;57;58
11;15;39;44;56;57
11;15;39;56;57;58
11;39;44;56;57;58
15;39;44;56;57;58
11;15;39;44;57;58
4;19;20;22;45;51
4;19;22;45;51;56
4;11;19;22;45;51
4;15;19;22;45;51
4;19;22;44;45;51
4;19;22;45;51;58
4;19;22;39;45;51
4;19;20;22;45;56
4;11;19;20;22;45
4;15;19;20;22;45
4;19;20;22;44;45
4;19;20;22;45;58
4;19;20;22;39;45
4;11;19;22;45;56
4;15;19;22;45;56
4;19;22;44;45;56
4;19;22;45;56;58
4;19;22;39;45;56
4;11;15;19;22;45
4;11;19;22;44;45
4;11;19;22;45;58
4;11;19;22;39;45
4;15;19;22;44;45
4;15;19;22;45;58
4;15;19;22;39;45
4;19;22;44;45;58
4;19;22;39;44;45
4;19;22;39;45;58
4;19;20;22;51;56
4;11;19;20;22;51
4;15;19;20;22;51
4;19;20;22;44;51
4;19;20;22;51;58
4;19;20;22;39;51
4;11;19;22;51;56
4;15;19;22;51;56
4;19;22;44;51;56
4;19;22;51;56;58
4;19;22;39;51;56
4;11;15;19;22;51
4;11;19;22;44;51
4;11;19;22;51;58
4;11;19;22;39;51
4;15;19;22;44;51
4;15;19;22;51;58
4;15;19;22;39;51
4;19;22;44;51;58
4;19;22;39;44;51
4;19;22;39;51;58
4;11;19;20;22;56
4;15;19;20;22;56
4;19;20;22;44;56
4;19;20;22;56;58
4;19;20;22;39;56
4;11;15;19;20;22
4;11;19;20;22;44
4;11;19;20;22;58
4;11;19;20;22;39
4;15;19;20;22;44
4;15;19;20;22;58
4;15;19;20;22;39
4;19;20;22;44;58
4;19;20;22;39;44
4;19;20;22;39;58
4;11;15;19;22;56
4;11;19;22;44;56
4;11;19;22;56;58
4;11;19;22;39;56
4;15;19;22;44;56
4;15;19;22;56;58
4;15;19;22;39;56
4;19;22;44;56;58
4;19;22;39;44;56
4;19;22;39;56;58
4;11;15;19;22;44
4;11;15;19;22;58
4;11;15;19;22;39
4;11;19;22;44;58
4;11;19;22;39;44
4;11;19;22;39;58
4;15;19;22;44;58
4;15;19;22;39;44
4;15;19;22;39;58
4;19;22;39;44;58
4;19;20;45;51;56
4;11;19;20;45;51
4;15;19;20;45;51
4;19;20;44;45;51
4;19;20;45;51;58
4;19;20;39;45;51
4;11;19;45;51;56
4;15;19;45;51;56
4;19;44;45;51;56
4;19;45;51;56;58
4;19;39;45;51;56
4;11;15;19;45;51
4;11;19;44;45;51
4;11;19;45;51;58
4;11;19;39;45;51
4;15;19;44;45;51
4;15;19;45;51;58
4;15;19;39;45;51
4;19;44;45;51;58
4;19;39;44;45;51
4;19;39;45;51;58
4;11;19;20;45;56
4;15;19;20;45;56
4;19;20;44;45;56
4;19;20;45;56;58
4;19;20;39;45;56
4;11;15;19;20;45
4;11;19;20;44;45
4;11;19;20;45;58
4;11;19;20;39;45
4;15;19;20;44;45
4;15;19;20;45;58
4;15;19;20;39;45
4;19;20;44;45;58
4;19;20;39;44;45
4;19;20;39;45;58
4;11;15;19;45;56
4;11;19;44;45;56
4;11;19;45;56;58
4;11;19;39;45;56
4;15;19;44;45;56
4;15;19;45;56;58
4;15;19;39;45;56
4;19;44;45;56;58
4;19;39;44;45;56
4;19;39;45;56;58
4;11;15;19;44;45
4;11;15;19;45;58
4;11;15;19;39;45
4;11;19;44;45;58
4;11;19;39;44;45
4;11;19;39;45;58
4;15;19;44;45;58
4;15;19;39;44;45
4;15;19;39;45;58
4;19;39;44;45;58
4;11;19;20;51;56
4;15;19;20;51;56
4;19;20;44;51;56
4;19;20;51;56;58
4;19;20;39;51;56
4;11;15;19;20;51
4;11;19;20;44;51
4;11;19;20;51;58
4;11;19;20;39;51
4;15;19;20;44;51
4;15;19;20;51;58
4;15;19;20;39;51
4;19;20;44;51;58
4;19;20;39;44;51
4;19;20;39;51;58
4;11;15;19;51;56
4;11;19;44;51;56
4;11;19;51;56;58
4;11;19;39;51;56
4;15;19;44;51;56
4;15;19;51;56;58
4;15;19;39;51;56
4;19;44;51;56;58
4;19;39;44;51;56
4;19;39;51;56;58
4;11;15;19;44;51
4;11;15;19;51;58
4;11;15;19;39;51
4;11;19;44;51;58
4;11;19;39;44;51
4;11;19;39;51;58
4;15;19;44;51;58
4;15;19;39;44;51
4;15;19;39;51;58
4;19;39;44;51;58
4;11;15;19;20;56
4;11;19;20;44;56
4;11;19;20;56;58
4;11;19;20;39;56
4;15;19;20;44;56
4;15;19;20;56;58
4;15;19;20;39;56
4;19;20;44;56;58
4;19;20;39;44;56
4;19;20;39;56;58
4;11;15;19;20;44
4;11;15;19;20;58
4;11;15;19;20;39
4;11;19;20;44;58
4;11;19;20;39;44
4;11;19;20;39;58
4;15;19;20;44;58
4;15;19;20;39;44
4;15;19;20;39;58
4;19;20;39;44;58
4;11;15;19;44;56
4;11;15;19;56;58
4;11;15;19;39;56
4;11;19;44;56;58
4;11;19;39;44;56
4;11;19;39;56;58
4;15;19;44;56;58
4;15;19;39;44;56
4;15;19;39;56;58
4;19;39;44;56;58
4;11;15;19;44;58
4;11;15;19;39;44
4;11;15;19;39;58
4;11;19;39;44;58
4;15;19;39;44;58
19;20;22;45;51;56
11;19;20;22;45;51
15;19;20;22;45;51
19;20;22;44;45;51
19;20;22;45;51;58
19;20;22;39;45;51
11;19;22;45;51;56
15;19;22;45;51;56
19;22;44;45;51;56
19;22;45;51;56;58
19;22;39;45;51;56
11;15;19;22;45;51
11;19;22;44;45;51
11;19;22;45;51;58
11;19;22;39;45;51
15;19;22;44;45;51
15;19;22;45;51;58
15;19;22;39;45;51
19;22;44;45;51;58
19;22;39;44;45;51
19;22;39;45;51;58
11;19;20;22;45;56
15;19;20;22;45;56
19;20;22;44;45;56
19;20;22;45;56;58
19;20;22;39;45;56
11;15;19;20;22;45
11;19;20;22;44;45
11;19;20;22;45;58
11;19;20;22;39;45
15;19;20;22;44;45
15;19;20;22;45;58
15;19;20;22;39;45
19;20;22;44;45;58
19;20;22;39;44;45
19;20;22;39;45;58
11;15;19;22;45;56
11;19;22;44;45;56
11;19;22;45;56;58
11;19;22;39;45;56
15;19;22;44;45;56
15;19;22;45;56;58
15;19;22;39;45;56
19;22;44;45;56;58
19;22;39;44;45;56
19;22;39;45;56;58
11;15;19;22;44;45
11;15;19;22;45;58
11;15;19;22;39;45
11;19;22;44;45;58
11;19;22;39;44;45
11;19;22;39;45;58
15;19;22;44;45;58
15;19;22;39;44;45
15;19;22;39;45;58
19;22;39;44;45;58
11;19;20;22;51;56
15;19;20;22;51;56
19;20;22;44;51;56
19;20;22;51;56;58
19;20;22;39;51;56
11;15;19;20;22;51
11;19;20;22;44;51
11;19;20;22;51;58
11;19;20;22;39;51
15;19;20;22;44;51
15;19;20;22;51;58
15;19;20;22;39;51
19;20;22;44;51;58
19;20;22;39;44;51
19;20;22;39;51;58
11;15;19;22;51;56
11;19;22;44;51;56
11;19;22;51;56;58
11;19;22;39;51;56
15;19;22;44;51;56
15;19;22;51;56;58
15;19;22;39;51;56
19;22;44;51;56;58
19;22;39;44;51;56
19;22;39;51;56;58
11;15;19;22;44;51
11;15;19;22;51;58
11;15;19;22;39;51
11;19;22;44;51;58
11;19;22;39;44;51
11;19;22;39;51;58
15;19;22;44;51;58
15;19;22;39;44;51
15;19;22;39;51;58
19;22;39;44;51;58
11;15;19;20;22;56
11;19;20;22;44;56
11;19;20;22;56;58
11;19;20;22;39;56
15;19;20;22;44;56
15;19;20;22;56;58
15;19;20;22;39;56
19;20;22;44;56;58
19;20;22;39;44;56
19;20;22;39;56;58
11;15;19;20;22;44
11;15;19;20;22;58
11;15;19;20;22;39
11;19;20;22;44;58
11;19;20;22;39;44
11;19;20;22;39;58
15;19;20;22;44;58
15;19;20;22;39;44
15;19;20;22;39;58
19;20;22;39;44;58
11;15;19;22;44;56
11;15;19;22;56;58
11;15;19;22;39;56
11;19;22;44;56;58
11;19;22;39;44;56
11;19;22;39;56;58
15;19;22;44;56;58
15;19;22;39;44;56
15;19;22;39;56;58
19;22;39;44;56;58
11;15;19;22;44;58
11;15;19;22;39;44
11;15;19;22;39;58
11;19;22;39;44;58
15;19;22;39;44;58
11;19;20;45;51;56
15;19;20;45;51;56
19;20;44;45;51;56
19;20;45;51;56;58
19;20;39;45;51;56
11;15;19;20;45;51
11;19;20;44;45;51
11;19;20;45;51;58
11;19;20;39;45;51
15;19;20;44;45;51
15;19;20;45;51;58
15;19;20;39;45;51
19;20;44;45;51;58
19;20;39;44;45;51
19;20;39;45;51;58
11;15;19;45;51;56
11;19;44;45;51;56
11;19;45;51;56;58
11;19;39;45;51;56
15;19;44;45;51;56
15;19;45;51;56;58
15;19;39;45;51;56
19;44;45;51;56;58
19;39;44;45;51;56
19;39;45;51;56;58
11;15;19;44;45;51
11;15;19;45;51;58
11;15;19;39;45;51
11;19;44;45;51;58
11;19;39;44;45;51
11;19;39;45;51;58
15;19;44;45;51;58
15;19;39;44;45;51
15;19;39;45;51;58
19;39;44;45;51;58
11;15;19;20;45;56
11;19;20;44;45;56
11;19;20;45;56;58
11;19;20;39;45;56
15;19;20;44;45;56
15;19;20;45;56;58
15;19;20;39;45;56
19;20;44;45;56;58
19;20;39;44;45;56
19;20;39;45;56;58
11;15;19;20;44;45
11;15;19;20;45;58
11;15;19;20;39;45
11;19;20;44;45;58
11;19;20;39;44;45
11;19;20;39;45;58
15;19;20;44;45;58
15;19;20;39;44;45
15;19;20;39;45;58
19;20;39;44;45;58
11;15;19;44;45;56
11;15;19;45;56;58
11;15;19;39;45;56
11;19;44;45;56;58
11;19;39;44;45;56
11;19;39;45;56;58
15;19;44;45;56;58
15;19;39;44;45;56
15;19;39;45;56;58
19;39;44;45;56;58
11;15;19;44;45;58
11;15;19;39;44;45
11;15;19;39;45;58
11;19;39;44;45;58
15;19;39;44;45;58
11;15;19;20;51;56
11;19;20;44;51;56
11;19;20;51;56;58
11;19;20;39;51;56
15;19;20;44;51;56
15;19;20;51;56;58
15;19;20;39;51;56
19;20;44;51;56;58
19;20;39;44;51;56
19;20;39;51;56;58
11;15;19;20;44;51
11;15;19;20;51;58
11;15;19;20;39;51
11;19;20;44;51;58
11;19;20;39;44;51
11;19;20;39;51;58
15;19;20;44;51;58
15;19;20;39;44;51
15;19;20;39;51;58
19;20;39;44;51;58
11;15;19;44;51;56
11;15;19;51;56;58
11;15;19;39;51;56
11;19;44;51;56;58
11;19;39;44;51;56
11;19;39;51;56;58
15;19;44;51;56;58
15;19;39;44;51;56
15;19;39;51;56;58
19;39;44;51;56;58
11;15;19;44;51;58
11;15;19;39;44;51
11;15;19;39;51;58
11;19;39;44;51;58
15;19;39;44;51;58
11;15;19;20;44;56
11;15;19;20;56;58
11;15;19;20;39;56
11;19;20;44;56;58
11;19;20;39;44;56
11;19;20;39;56;58
15;19;20;44;56;58
15;19;20;39;44;56
15;19;20;39;56;58
19;20;39;44;56;58
11;15;19;20;44;58
11;15;19;20;39;44
11;15;19;20;39;58
11;19;20;39;44;58
15;19;20;39;44;58
11;15;19;44;56;58
11;15;19;39;44;56
11;15;19;39;56;58
11;19;39;44;56;58
15;19;39;44;56;58
11;15;19;39;44;58
4;20;22;45;51;56
4;11;20;22;45;51
4;15;20;22;45;51
4;20;22;44;45;51
4;20;22;45;51;58
4;20;22;39;45;51
4;11;22;45;51;56
4;15;22;45;51;56
4;22;44;45;51;56
4;22;45;51;56;58
4;22;39;45;51;56
4;11;15;22;45;51
4;11;22;44;45;51
4;11;22;45;51;58
4;11;22;39;45;51
4;15;22;44;45;51
4;15;22;45;51;58
4;15;22;39;45;51
4;22;44;45;51;58
4;22;39;44;45;51
4;22;39;45;51;58
4;11;20;22;45;56
4;15;20;22;45;56
4;20;22;44;45;56
4;20;22;45;56;58
4;20;22;39;45;56
4;11;15;20;22;45
4;11;20;22;44;45
4;11;20;22;45;58
4;11;20;22;39;45
4;15;20;22;44;45
4;15;20;22;45;58
4;15;20;22;39;45
4;20;22;44;45;58
4;20;22;39;44;45
4;20;22;39;45;58
4;11;15;22;45;56
4;11;22;44;45;56
4;11;22;45;56;58
4;11;22;39;45;56
4;15;22;44;45;56
4;15;22;45;56;58
4;15;22;39;45;56
4;22;44;45;56;58
4;22;39;44;45;56
4;22;39;45;56;58
4;11;15;22;44;45
4;11;15;22;45;58
4;11;15;22;39;45
4;11;22;44;45;58
4;11;22;39;44;45
4;11;22;39;45;58
4;15;22;44;45;58
4;15;22;39;44;45
4;15;22;39;45;58
4;22;39;44;45;58
4;11;20;22;51;56
4;15;20;22;51;56
4;20;22;44;51;56
4;20;22;51;56;58
4;20;22;39;51;56
4;11;15;20;22;51
4;11;20;22;44;51
4;11;20;22;51;58
4;11;20;22;39;51
4;15;20;22;44;51
4;15;20;22;51;58
4;15;20;22;39;51
4;20;22;44;51;58
4;20;22;39;44;51
4;20;22;39;51;58
4;11;15;22;51;56
4;11;22;44;51;56
4;11;22;51;56;58
4;11;22;39;51;56
4;15;22;44;51;56
4;15;22;51;56;58
4;15;22;39;51;56
4;22;44;51;56;58
4;22;39;44;51;56
4;22;39;51;56;58
4;11;15;22;44;51
4;11;15;22;51;58
4;11;15;22;39;51
4;11;22;44;51;58
4;11;22;39;44;51
4;11;22;39;51;58
4;15;22;44;51;58
4;15;22;39;44;51
4;15;22;39;51;58
4;22;39;44;51;58
4;11;15;20;22;56
4;11;20;22;44;56
4;11;20;22;56;58
4;11;20;22;39;56
4;15;20;22;44;56
4;15;20;22;56;58
4;15;20;22;39;56
4;20;22;44;56;58
4;20;22;39;44;56
4;20;22;39;56;58
4;11;15;20;22;44
4;11;15;20;22;58
4;11;15;20;22;39
4;11;20;22;44;58
4;11;20;22;39;44
4;11;20;22;39;58
4;15;20;22;44;58
4;15;20;22;39;44
4;15;20;22;39;58
4;20;22;39;44;58
4;11;15;22;44;56
4;11;15;22;56;58
4;11;15;22;39;56
4;11;22;44;56;58
4;11;22;39;44;56
4;11;22;39;56;58
4;15;22;44;56;58
4;15;22;39;44;56
4;15;22;39;56;58
4;22;39;44;56;58
4;11;15;22;44;58
4;11;15;22;39;44
4;11;15;22;39;58
4;11;22;39;44;58
4;15;22;39;44;58
4;11;20;45;51;56
4;15;20;45;51;56
4;20;44;45;51;56
4;20;45;51;56;58
4;20;39;45;51;56
4;11;15;20;45;51
4;11;20;44;45;51
4;11;20;45;51;58
4;11;20;39;45;51
4;15;20;44;45;51
4;15;20;45;51;58
4;15;20;39;45;51
4;20;44;45;51;58
4;20;39;44;45;51
4;20;39;45;51;58
4;11;15;45;51;56
4;11;44;45;51;56
4;11;45;51;56;58
4;11;39;45;51;56
4;15;44;45;51;56
4;15;45;51;56;58
4;15;39;45;51;56
4;44;45;51;56;58
4;39;44;45;51;56
4;39;45;51;56;58
4;11;15;44;45;51
4;11;15;45;51;58
4;11;15;39;45;51
4;11;44;45;51;58
4;11;39;44;45;51
4;11;39;45;51;58
4;15;44;45;51;58
4;15;39;44;45;51
4;15;39;45;51;58
4;39;44;45;51;58
4;11;15;20;45;56
4;11;20;44;45;56
4;11;20;45;56;58
4;11;20;39;45;56
4;15;20;44;45;56
4;15;20;45;56;58
4;15;20;39;45;56
4;20;44;45;56;58
4;20;39;44;45;56
4;20;39;45;56;58
4;11;15;20;44;45
4;11;15;20;45;58
4;11;15;20;39;45
4;11;20;44;45;58
4;11;20;39;44;45
4;11;20;39;45;58
4;15;20;44;45;58
4;15;20;39;44;45
4;15;20;39;45;58
4;20;39;44;45;58
4;11;15;44;45;56
4;11;15;45;56;58
4;11;15;39;45;56
4;11;44;45;56;58
4;11;39;44;45;56
4;11;39;45;56;58
4;15;44;45;56;58
4;15;39;44;45;56
4;15;39;45;56;58
4;39;44;45;56;58
4;11;15;44;45;58
4;11;15;39;44;45
4;11;15;39;45;58
4;11;39;44;45;58
4;15;39;44;45;58
4;11;15;20;51;56
4;11;20;44;51;56
4;11;20;51;56;58
4;11;20;39;51;56
4;15;20;44;51;56
4;15;20;51;56;58
4;15;20;39;51;56
4;20;44;51;56;58
4;20;39;44;51;56
4;20;39;51;56;58
4;11;15;20;44;51
4;11;15;20;51;58
4;11;15;20;39;51
4;11;20;44;51;58
4;11;20;39;44;51
4;11;20;39;51;58
4;15;20;44;51;58
4;15;20;39;44;51
4;15;20;39;51;58
4;20;39;44;51;58
4;11;15;44;51;56
4;11;15;51;56;58
4;11;15;39;51;56
4;11;44;51;56;58
4;11;39;44;51;56
4;11;39;51;56;58
4;15;44;51;56;58
4;15;39;44;51;56
4;15;39;51;56;58
4;39;44;51;56;58
4;11;15;44;51;58
4;11;15;39;44;51
4;11;15;39;51;58
4;11;39;44;51;58
4;15;39;44;51;58
4;11;15;20;44;56
4;11;15;20;56;58
4;11;15;20;39;56
4;11;20;44;56;58
4;11;20;39;44;56
4;11;20;39;56;58
4;15;20;44;56;58
4;15;20;39;44;56
4;15;20;39;56;58
4;20;39;44;56;58
4;11;15;20;44;58
4;11;15;20;39;44
4;11;15;20;39;58
4;11;20;39;44;58
4;15;20;39;44;58
4;11;15;44;56;58
4;11;15;39;44;56
4;11;15;39;56;58
4;11;39;44;56;58
4;15;39;44;56;58
4;11;15;39;44;58
11;20;22;45;51;56
15;20;22;45;51;56
20;22;44;45;51;56
20;22;45;51;56;58
20;22;39;45;51;56
11;15;20;22;45;51
11;20;22;44;45;51
11;20;22;45;51;58
11;20;22;39;45;51
15;20;22;44;45;51
15;20;22;45;51;58
15;20;22;39;45;51
20;22;44;45;51;58
20;22;39;44;45;51
20;22;39;45;51;58
11;15;22;45;51;56
11;22;44;45;51;56
11;22;45;51;56;58
11;22;39;45;51;56
15;22;44;45;51;56
15;22;45;51;56;58
15;22;39;45;51;56
22;44;45;51;56;58
22;39;44;45;51;56
22;39;45;51;56;58
11;15;22;44;45;51
11;15;22;45;51;58
11;15;22;39;45;51
11;22;44;45;51;58
11;22;39;44;45;51
11;22;39;45;51;58
15;22;44;45;51;58
15;22;39;44;45;51
15;22;39;45;51;58
22;39;44;45;51;58
11;15;20;22;45;56
11;20;22;44;45;56
11;20;22;45;56;58
11;20;22;39;45;56
15;20;22;44;45;56
15;20;22;45;56;58
15;20;22;39;45;56
20;22;44;45;56;58
20;22;39;44;45;56
20;22;39;45;56;58
11;15;20;22;44;45
11;15;20;22;45;58
11;15;20;22;39;45
11;20;22;44;45;58
11;20;22;39;44;45
11;20;22;39;45;58
15;20;22;44;45;58
15;20;22;39;44;45
15;20;22;39;45;58
20;22;39;44;45;58
11;15;22;44;45;56
11;15;22;45;56;58
11;15;22;39;45;56
11;22;44;45;56;58
11;22;39;44;45;56
11;22;39;45;56;58
15;22;44;45;56;58
15;22;39;44;45;56
15;22;39;45;56;58
22;39;44;45;56;58
11;15;22;44;45;58
11;15;22;39;44;45
11;15;22;39;45;58
11;22;39;44;45;58
15;22;39;44;45;58
11;15;20;22;51;56
11;20;22;44;51;56
11;20;22;51;56;58
11;20;22;39;51;56
15;20;22;44;51;56
15;20;22;51;56;58
15;20;22;39;51;56
20;22;44;51;56;58
20;22;39;44;51;56
20;22;39;51;56;58
11;15;20;22;44;51
11;15;20;22;51;58
11;15;20;22;39;51
11;20;22;44;51;58
11;20;22;39;44;51
11;20;22;39;51;58
15;20;22;44;51;58
15;20;22;39;44;51
15;20;22;39;51;58
20;22;39;44;51;58
11;15;22;44;51;56
11;15;22;51;56;58
11;15;22;39;51;56
11;22;44;51;56;58
11;22;39;44;51;56
11;22;39;51;56;58
15;22;44;51;56;58
15;22;39;44;51;56
15;22;39;51;56;58
22;39;44;51;56;58
11;15;22;44;51;58
11;15;22;39;44;51
11;15;22;39;51;58
11;22;39;44;51;58
15;22;39;44;51;58
11;15;20;22;44;56
11;15;20;22;56;58
11;15;20;22;39;56
11;20;22;44;56;58
11;20;22;39;44;56
11;20;22;39;56;58
15;20;22;44;56;58
15;20;22;39;44;56
15;20;22;39;56;58
20;22;39;44;56;58
11;15;20;22;44;58
11;15;20;22;39;44
11;15;20;22;39;58
11;20;22;39;44;58
15;20;22;39;44;58
11;15;22;44;56;58
11;15;22;39;44;56
11;15;22;39;56;58
11;22;39;44;56;58
15;22;39;44;56;58
11;15;22;39;44;58
11;15;20;45;51;56
11;20;44;45;51;56
11;20;45;51;56;58
11;20;39;45;51;56
15;20;44;45;51;56
15;20;45;51;56;58
15;20;39;45;51;56
20;44;45;51;56;58
20;39;44;45;51;56
20;39;45;51;56;58
11;15;20;44;45;51
11;15;20;45;51;58
11;15;20;39;45;51
11;20;44;45;51;58
11;20;39;44;45;51
11;20;39;45;51;58
15;20;44;45;51;58
15;20;39;44;45;51
15;20;39;45;51;58
20;39;44;45;51;58
11;15;44;45;51;56
11;15;45;51;56;58
11;15;39;45;51;56
11;44;45;51;56;58
11;39;44;45;51;56
11;39;45;51;56;58
15;44;45;51;56;58
15;39;44;45;51;56
15;39;45;51;56;58
39;44;45;51;56;58
11;15;44;45;51;58
11;15;39;44;45;51
11;15;39;45;51;58
11;39;44;45;51;58
15;39;44;45;51;58
11;15;20;44;45;56
11;15;20;45;56;58
11;15;20;39;45;56
11;20;44;45;56;58
11;20;39;44;45;56
11;20;39;45;56;58
15;20;44;45;56;58
15;20;39;44;45;56
15;20;39;45;56;58
20;39;44;45;56;58
11;15;20;44;45;58
11;15;20;39;44;45
11;15;20;39;45;58
11;20;39;44;45;58
15;20;39;44;45;58
11;15;44;45;56;58
11;15;39;44;45;56
11;15;39;45;56;58
11;39;44;45;56;58
15;39;44;45;56;58
11;15;39;44;45;58
11;15;20;44;51;56
11;15;20;51;56;58
11;15;20;39;51;56
11;20;44;51;56;58
11;20;39;44;51;56
11;20;39;51;56;58
15;20;44;51;56;58
15;20;39;44;51;56
15;20;39;51;56;58
20;39;44;51;56;58
11;15;20;44;51;58
11;15;20;39;44;51
11;15;20;39;51;58
11;20;39;44;51;58
15;20;39;44;51;58
11;15;44;51;56;58
11;15;39;44;51;56
11;15;39;51;56;58
11;39;44;51;56;58
15;39;44;51;56;58
11;15;39;44;51;58
11;15;20;44;56;58
11;15;20;39;44;56
11;15;20;39;56;58
11;20;39;44;56;58
15;20;39;44;56;58
11;15;20;39;44;58
11;15;39;44;56;58
